Artist,Title,Album,Length,Year,Genre,Bitrate
Kevin MacLeod,A Mission,Action Cuts,00:00:44,2014,Soundtrack,278
Kevin MacLeod,Action,Action Cuts,00:03:15,2014,Soundtrack,320
Kevin MacLeod,All This,Action Cuts,00:03:48,2014,Soundtrack,320
Kevin MacLeod,Black Vortex,Action Cuts,00:02:49,2014,Soundtrack,320
Kevin MacLeod,Chase,Action Cuts,00:02:12,2014,Soundtrack,320
Kevin MacLeod,Cortosis,Action Cuts,00:02:33,2014,Soundtrack,320
Kevin MacLeod,Crisis,Action Cuts,00:01:26,2014,Classical,320
Kevin MacLeod,Dangerous,Action Cuts,00:00:58,2014,Soundtrack,320
Kevin MacLeod,Evil March,Action Cuts,00:01:11,2014,Soundtrack,320
Kevin MacLeod,Feral Chase,Action Cuts,00:01:06,2014,Soundtrack,320
Kevin MacLeod,Heavy Interlude,Action Cuts,00:00:52,2014,Soundtrack,320
Kevin MacLeod,Heroic Age,Action Cuts,00:01:37,2014,Soundtrack,320
Kevin MacLeod,Hitman,Action Cuts,00:03:20,2014,Soundtrack,320
Kevin MacLeod,Machinations,Action Cuts,00:01:44,2014,Soundtrack,320
Kevin MacLeod,Mechanolith,Action Cuts,00:00:55,2014,Soundtrack,320
Kevin MacLeod,Mighty and Meek,Action Cuts,00:01:39,2014,Soundtrack,320
Kevin MacLeod,Mistake the Getaway,Action Cuts,00:02:02,2014,Soundtrack,320
Kevin MacLeod,Movement Proposition,Action Cuts,00:02:21,2014,Soundtrack,320
Kevin MacLeod,Noble Race,Action Cuts,00:05:15,2014,Soundtrack,267
Kevin MacLeod,Plans in Motion,Action Cuts,00:02:29,2014,Cinematic,320
Kevin MacLeod,Prelude and Action,Action Cuts,00:01:38,2014,,320
Kevin MacLeod,Round Drums,Action Cuts,00:00:53,2014,Fragment,320
Kevin MacLeod,Take a Chance,Action Cuts,00:00:37,2014,Soundtrack,320
Kevin MacLeod,The Complex,Action Cuts,00:04:27,2014,Soundtrack,320
Kevin MacLeod,Unity,Action Cuts,00:04:24,2014,Soundtrack,320
Kevin MacLeod,Volatile Reaction,Action Cuts,00:02:45,2014,Soundtrack,256
Kevin MacLeod,Vortex,Action Cuts,00:00:58,2014,Classical,256
Kevin MacLeod,Fiddles McGinty,Anamalie,00:03:27,2016,Folk,256
Kevin MacLeod,Kings of Tara,Anamalie,00:03:41,2016,Other,256
Kevin MacLeod,Meanwhile in Bavaria,Anamalie,00:03:34,2016,World,256
Kevin MacLeod,Sardana,Anamalie,00:03:12,2016,World,256
Kevin MacLeod,Anamalie,Anamalie,00:03:28,2016,Unclassifiable,256
Kevin MacLeod,Allada,Anamalie,00:03:43,2016,World,256
Kevin MacLeod,Bumba Crossing,Anamalie,00:04:36,2016,Unclassifiable,256
Kevin MacLeod,Zanzibar,Anamalie,00:03:38,2016,World,256
Kevin MacLeod,Baba Yaga,Anamalie,00:04:12,2016,New Age,256
Kevin MacLeod,Naraina,Anamalie,00:03:30,2016,World,256
Kevin MacLeod,Vadodora Chill Mix,Anamalie,00:03:42,2016,World,256
Kevin MacLeod,Americana,Aspiring,00:03:22,2014,Soundtrack,320
Kevin MacLeod,Crossing the Divide,Aspiring,00:03:13,2014,Soundtrack,256
Kevin MacLeod,Eternal Hope,Aspiring,00:04:44,2014,Religious,320
Kevin MacLeod,Hero Down,Aspiring,00:03:34,2014,Soundtrack,320
Kevin MacLeod,Juniper,Aspiring,00:03:18,2014,Classical,256
Kevin MacLeod,Majestic Hills,Aspiring,00:03:19,2014,Soundtrack,320
Kevin MacLeod,Pennsylvania Rose,Aspiring,00:01:19,2014,Soundtrack,320
Kevin MacLeod,Private Reflection,Aspiring,00:01:30,2014,Soundtrack,320
Kevin MacLeod,Rumination,Aspiring,00:02:52,2014,Soundtrack,320
Kevin MacLeod,Stages of Grief,Aspiring,00:01:48,2014,Soundtrack,320
Kevin MacLeod,String Impromptu Number 1,Aspiring,00:06:14,2014,Soundtrack,320
Kevin MacLeod,Tempting Secrets,Aspiring,00:03:02,2014,Soundtrack,320
Kevin MacLeod,The Forest and the Trees,Aspiring,00:01:34,2014,,320
Kevin MacLeod,To the Ends,Aspiring,00:01:44,2014,Soundtrack,320
Kevin MacLeod,Willow and the Light,Aspiring,00:03:12,2014,Soundtrack,320
Kevin MacLeod,Atlantean Twilight,Atlantean Twilight,00:02:51,2014,New Age,256
Kevin MacLeod,Awaiting Return,Atlantean Twilight,00:01:45,2014,New Age,262
Kevin MacLeod,Blue Paint,Atlantean Twilight,00:02:10,2014,New Age,320
Kevin MacLeod,Cryptic Sorrow,Atlantean Twilight,00:08:00,2014,New Age,320
Kevin MacLeod,Earnest,Atlantean Twilight,00:00:00,2014,,
Kevin MacLeod,Evening Fall (Harp),Atlantean Twilight,00:02:25,2014,New Age,256
Kevin MacLeod,Evening Fall (Piano),Atlantean Twilight,00:02:45,2014,New Age,256
Kevin MacLeod,Heartbreaking,Atlantean Twilight,00:01:36,2014,New Age,320
Kevin MacLeod,Loss,Atlantean Twilight,00:02:13,2014,New Age,128
Kevin MacLeod,Luminous Rain,Atlantean Twilight,00:01:54,2014,New Age,256
Kevin MacLeod,March of the Mind,Atlantean Twilight,00:02:47,2014,New Age,261
Kevin MacLeod,Moonstone,Atlantean Twilight,00:04:15,2014,New Age,320
Kevin MacLeod,Overture,Atlantean Twilight,00:03:44,2014,New Age,263
Kevin MacLeod,Parting of the Ways - Part 1,Atlantean Twilight,00:09:23,2014,New Age,261
Kevin MacLeod,Parting of the Ways - Part 2,Atlantean Twilight,00:06:38,2014,New Age,264
Kevin MacLeod,Pride,Atlantean Twilight,00:05:49,2014,New Age,320
Kevin MacLeod,Reminiscing,Atlantean Twilight,00:02:32,2014,New Age,320
Kevin MacLeod,Revival,Atlantean Twilight,00:17:25,2014,Unclassifiable,320
Kevin MacLeod,Sad Trio,Atlantean Twilight,00:04:11,2014,New Age,320
Kevin MacLeod,Sovereign,Atlantean Twilight,00:06:11,2014,New Age,320
Kevin MacLeod,Stoic Morning,Atlantean Twilight,00:02:35,2014,New Age,128
Kevin MacLeod,With the Sea,Atlantean Twilight,00:02:43,2014,New Age,128
Kevin MacLeod,A Little Faith,Bitter Suite,00:01:27,2014,Cinematic,320
Kevin MacLeod,Agnus Dei X,Bitter Suite,00:01:31,2014,Religious,320
Kevin MacLeod,Ghost Dance,Bitter Suite,00:01:13,2014,Classical,320
Kevin MacLeod,Mourning Song,Bitter Suite,00:01:32,2014,Classical,320
Kevin MacLeod,Painful Disorientation,Bitter Suite,00:01:31,2014,Acoustic,320
Kevin MacLeod,Relent,Bitter Suite,00:02:55,2014,Soundtrack,320
Kevin MacLeod,Schmetterling,Bitter Suite,00:01:02,2014,Unclassifiable,320
Kevin MacLeod,Sinfonia Number 5,Bitter Suite,00:02:08,2014,Classical,320
Kevin MacLeod,Sonatina in C Minor,Bitter Suite,00:01:18,2014,Unclassifiable,320
Kevin MacLeod,The Endless,Bitter Suite,00:03:30,2014,Cinematic,320
Kevin MacLeod,Tiny Fugue,Bitter Suite,00:00:41,2014,Classical,320
Kevin MacLeod,Trio for Piano Violin and Viola,Bitter Suite,00:01:24,2014,Classical,320
Kevin MacLeod,Virtutes Instrumenti,Bitter Suite,00:04:22,2014,Classical,320
Kevin MacLeod,Autumn Day,Calming,00:03:04,2014,Contemporary,320
Kevin MacLeod,Bathed in the Light,Calming,00:02:46,2014,Ambient,320
Kevin MacLeod,Calmant,Calming,00:03:24,2014,Soundtrack,320
Kevin MacLeod,Carefree,Calming,00:03:25,2014,Contemporary,256
Kevin MacLeod,Clean Soul,Calming,00:05:06,2014,Contemporary,320
Kevin MacLeod,Danse Morialta,Calming,00:03:56,2014,Contemporary,320
Kevin MacLeod,Dream Culture,Calming,00:03:34,2014,Contemporary,320
Kevin MacLeod,Enchanted Journey,Calming,00:04:29,2014,,320
Kevin MacLeod,Impromptu in Quarter Comma Meantone,Calming,00:02:33,2014,Experimental,320
Kevin MacLeod,Inner Light,Calming,00:09:36,2014,Contemporary,320
Kevin MacLeod,Lift Motif,Calming,00:00:44,2014,Unclassifiable,320
Kevin MacLeod,Meditation Impromptu 01,Calming,00:03:32,2014,Contemporary,260
Kevin MacLeod,Meditation Impromptu 02,Calming,00:04:09,2014,Contemporary,261
Kevin MacLeod,Meditation Impromptu 03,Calming,00:04:15,2014,Contemporary,260
Kevin MacLeod,On the Passing of Time,Calming,00:03:45,2014,Contemporary,320
Kevin MacLeod,Reaching Out,Calming,00:01:01,2014,Contemporary,320
Kevin MacLeod,Resignation,Calming,00:00:54,2014,Contemporary,320
Kevin MacLeod,Silver Blue Light,Calming,00:05:50,2014,,320
Kevin MacLeod,Smoother Move,Calming,00:04:38,2014,,320
Kevin MacLeod,Sovereign Quarter,Calming,00:04:51,2014,Contemporary,320
Kevin MacLeod,Tranquility,Calming,00:16:27,2014,Electronic,320
Kevin MacLeod,Windswept,Calming,00:03:28,2014,Contemporary,320
Kevin MacLeod,Winter Reflections,Calming,00:02:22,2014,Electronic,320
Kevin MacLeod,Groundwork,Carpe Diem,00:02:49,2016,Easy Listening,256
Kevin MacLeod,Voice Over Under,Carpe Diem,00:03:17,2016,Electronica,256
Kevin MacLeod,River Valley Breakdown,Carpe Diem,00:06:06,2016,Country,320
Kevin MacLeod,Evening Melodrama,Carpe Diem,00:00:40,2016,Soundtrack,320
Kevin MacLeod,There It Is,Carpe Diem,00:00:37,2016,TV & Film,320
Kevin MacLeod,Wagon Wheel,Carpe Diem,00:05:03,2016,Silent Film Score,256
Kevin MacLeod,Lively Lumpsucker,Carpe Diem,00:03:41,2016,Silent Film Score,256
Kevin MacLeod,Happy Boy,Carpe Diem,00:00:37,2016,Soundtrack,320
Kevin MacLeod,Batty McFaddin S,Carpe Diem,00:04:03,2016,Silent Film Score,320
Kevin MacLeod,Nano Hoedown,Carpe Diem,00:02:33,2016,Unclassifiable,256
Kevin MacLeod,Carpe Diem,Carpe Diem,00:04:55,2016,,256
Kevin MacLeod,Ultra Polka,Carpe Diem,00:03:45,2016,Polka,256
Kevin MacLeod,The Show Must Be Go,Carpe Diem,00:03:36,2016,Unclassifiable,256
Kevin MacLeod,AhDah,Cephalopod,00:02:51,2014,Unclassifiable,320
Kevin MacLeod,BlockMan,Cephalopod,00:01:58,2014,Electronic,320
Kevin MacLeod,Cephalopod,Cephalopod,00:04:07,2014,,320
Kevin MacLeod,Cut Trance,Cephalopod,00:03:40,2014,Unclassifiable,320
Kevin MacLeod,Enter the Maze,Cephalopod,00:02:58,2014,,320
Kevin MacLeod,Future Gladiator,Cephalopod,00:03:37,2014,Soundtrack,320
Kevin MacLeod,Griphop,Cephalopod,00:03:26,2014,Electronic,320
Kevin MacLeod,Militaire Electronic,Cephalopod,00:01:24,2014,Rock,320
Kevin MacLeod,Psychedelic Crater,Cephalopod,00:03:20,2014,World,320
Kevin MacLeod,Takeover of the 8-bit Synths,Cephalopod,00:03:33,2014,Experimental,320
Kevin MacLeod,The Machine Thinks,Cephalopod,00:02:54,2014,Unclassifiable,320
Kevin MacLeod,Angels We Have Heard on High,Christmas!,00:02:25,2014,Holiday,256
Kevin MacLeod,We Wish You a Merry Christmas,Christmas!,00:02:18,2014,Holiday,320
Kevin MacLeod,Oh Little Town of Bethlehem,Christmas!,00:01:46,2014,Holiday,320
Kevin MacLeod,Deck the Halls,Christmas!,00:04:07,2014,Holiday,310
Kevin MacLeod,It Came Upon a Midnight Clear,Christmas!,00:04:25,2014,Holiday,284
Kevin MacLeod,Jingle Bells,Christmas!,00:01:42,2014,Holiday,320
Kevin MacLeod,Oh Holy Night,Christmas!,00:04:02,2014,Holiday,312
Kevin MacLeod,Silent Night,Christmas!,00:02:11,2014,Holiday,320
Kevin MacLeod,Dance of the Sugar Plum Fairies,Christmas!,00:01:46,2014,Holiday,320
Kevin MacLeod,What Child Is This,Christmas!,00:02:19,2014,Holiday,320
Kevin MacLeod,Wish Background,Christmas!,00:19:34,2014,Holiday,320
Kevin MacLeod,Call to Adventure,Comedy Scoring,00:04:07,2014,Soundtrack,320
Kevin MacLeod,Cartoon Pizzicato,Comedy Scoring,00:01:12,2014,Cinematic,256
Kevin MacLeod,Fun in a Bottle,Comedy Scoring,00:01:50,2014,Silent Film Score,320
Kevin MacLeod,Happy Boy End Theme,Comedy Scoring,00:00:53,2014,Soundtrack,320
Kevin MacLeod,The Builder,Comedy Scoring,00:01:57,2014,Soundtrack,320
Kevin MacLeod,Harlequin,Comedy Scoring,00:01:04,2014,,320
Kevin MacLeod,Hidden Agenda,Comedy Scoring,00:02:15,2014,Soundtrack,320
Kevin MacLeod,Investigations,Comedy Scoring,00:01:33,2014,Soundtrack,320
Kevin MacLeod,Mariachi Snooze,Comedy Scoring,00:00:40,2014,World,320
Kevin MacLeod,Master of the Feast,Comedy Scoring,00:03:48,2014,Soundtrack,256
Kevin MacLeod,Scheming Weasel (faster version),Comedy Scoring,00:01:29,2014,Soundtrack,320
Kevin MacLeod,Scheming Weasel (slower version),Comedy Scoring,00:01:50,2014,Soundtrack,320
Kevin MacLeod,Sneaky Adventure,Comedy Scoring,00:01:13,2014,Soundtrack,320
Kevin MacLeod,Sneaky,Comedy Scoring,00:02:30,2014,Classical,320
Kevin MacLeod,Danse Macabre,Danse Macabre,00:06:46,2008,Classical,320
Kevin MacLeod,Danse Macabre - Xylophone,Danse Macabre,00:00:20,2008,Classical,320
Kevin MacLeod,Danse Macabre - Violin Hook,Danse Macabre,00:00:34,2008,Classical,320
Kevin MacLeod,Danse Macabre - Sad Part,Danse Macabre,00:00:21,2008,Classical,320
Kevin MacLeod,Danse Macabre - Sad Part - no violin,Danse Macabre,00:00:15,2008,Classical,320
Kevin MacLeod,Danse Macabre - No Violin,Danse Macabre,00:06:46,2008,Classical,320
Kevin MacLeod,Danse Macabre - Low Strings Finale,Danse Macabre,00:00:12,2008,Classical,320
Kevin MacLeod,Danse Macabre - Light Dance,Danse Macabre,00:00:28,2008,Classical,320
Kevin MacLeod,Danse Macabre - Isolated Harp,Danse Macabre,00:00:32,2008,Classical,320
Kevin MacLeod,Danse Macabre - Finale,Danse Macabre,00:00:21,2008,Classical,320
Kevin MacLeod,Danse Macabre - Busy Strings,Danse Macabre,00:00:26,2008,Classical,320
Kevin MacLeod,Danse Macabre - Big Hit 2,Danse Macabre,00:00:04,2008,Stings,320
Kevin MacLeod,Danse Macabre - Big Hit 1,Danse Macabre,00:00:04,2008,Stings,320
Kevin MacLeod,Danse Macabre - Big Change,Danse Macabre,00:00:03,2008,Stings,320
Kevin MacLeod,Accralate,Dark Continent,00:05:05,2014,World,286
Kevin MacLeod,AngloZulu,Dark Continent,00:01:04,2014,World,320
Kevin MacLeod,Arid Foothills,Dark Continent,00:03:17,2014,World,320
Kevin MacLeod,Artifact,Dark Continent,00:03:31,2014,World,320
Kevin MacLeod,At The Shore,Dark Continent,00:00:37,2014,,320
Kevin MacLeod,Confused State,Dark Continent,00:02:54,2014,Unclassifiable,320
Kevin MacLeod,Digya,Dark Continent,00:02:46,2014,,320
Kevin MacLeod,Dubakupado,Dark Continent,00:03:32,2014,World,320
Kevin MacLeod,Expeditionary,Dark Continent,00:03:09,2014,World,320
Kevin MacLeod,Infados,Dark Continent,00:03:43,2014,,320
Kevin MacLeod,Whimsy Groove,Dark Continent,00:04:21,2014,World,320
Kevin MacLeod,Kumasi Groove,Dark Continent,00:03:42,2014,World,298
Kevin MacLeod,Monkoto,Dark Continent,00:01:16,2014,World,320
Kevin MacLeod,Night Cave,Dark Continent,00:01:50,2014,Soundtrack,320
Kevin MacLeod,Perigrine Grandeur,Dark Continent,00:03:41,2014,World,320
Kevin MacLeod,Tafi Maradi,Dark Continent,00:02:38,2014,World,320
Kevin MacLeod,Savannah (Sketch),Dark Continent,00:03:24,2014,Soundtrack,320
Kevin MacLeod,Slow Heat,Dark Continent,00:03:42,2014,World,320
Kevin MacLeod,Tafi Maradi no voice,Dark Continent,00:02:38,2014,World,320
Kevin MacLeod,Darkening Developments,Dark World,00:02:12,2014,Soundtrack,320
Kevin MacLeod,Deep Haze,Dark World,00:02:02,2014,,320
Kevin MacLeod,Ghost Processional (digitally processed),Dark World,00:01:46,2014,Classical,256
Kevin MacLeod,Ghost Processional,Dark World,00:01:44,2014,Classical,256
Kevin MacLeod,Gnarled Situation,Dark World,00:01:24,2014,Soundtrack,320
Kevin MacLeod,Grave Blow,Dark World,00:01:42,2014,Soundtrack,320
Kevin MacLeod,Halls of the Undead,Dark World,00:04:52,2014,Soundtrack,320
Kevin MacLeod,Professor and the Plant,Dark World,00:02:21,2014,Soundtrack,280
Kevin MacLeod,Rising Game,Dark World,00:01:52,2014,Soundtrack,320
Kevin MacLeod,Shores of Avalon,Dark World,00:03:56,2014,,320
Kevin MacLeod,Unlight,Dark World,00:03:09,2014,Soundtrack,320
Kevin MacLeod,A Singular Perversion,Darkness,00:00:56,2014,Soundtrack,320
Kevin MacLeod,Air Prelude,Darkness,00:05:41,2014,Classical,160
Kevin MacLeod,Dark Standoff,Darkness,00:00:44,2014,Soundtrack,320
Kevin MacLeod,Dark Times,Darkness,00:03:03,2014,,320
Kevin MacLeod,Darkest Child,Darkness,00:03:58,2014,,320
Kevin MacLeod,Disconcerned,Darkness,00:00:52,2014,Soundtrack,320
Kevin MacLeod,Epic Unease,Darkness,00:00:37,2014,Soundtrack,320
Kevin MacLeod,Fire Prelude,Darkness,00:05:04,2014,,160
Kevin MacLeod,Gagool,Darkness,00:05:44,2014,Soundtrack,320
Kevin MacLeod,Grim League,Darkness,00:02:39,2014,Soundtrack,320
Kevin MacLeod,Lone Harvest,Darkness,00:01:00,2014,Soundtrack,320
Kevin MacLeod,Martian Cowboy,Darkness,00:02:58,2014,Soundtrack,320
Kevin MacLeod,Our Story Begins,Darkness,00:01:24,2014,Soundtrack,320
Kevin MacLeod,Phantasm,Darkness,00:03:39,2014,Soundtrack,320
Kevin MacLeod,Power Restored,Darkness,00:01:12,2014,Soundtrack,320
Kevin MacLeod,Shamanistic,Darkness,00:03:02,2014,Soundtrack,320
Kevin MacLeod,Showdown,Darkness,00:01:13,2014,Soundtrack,320
Kevin MacLeod,Sneak 'n Get Caught,Darkness,00:00:52,2014,Soundtrack,320
Kevin MacLeod,Some Amount of Evil,Darkness,00:02:02,2014,Soundtrack,320
Kevin MacLeod,Spider's Web,Darkness,00:00:40,2014,Soundtrack,273
Kevin MacLeod,Supernatural,Darkness,00:00:52,2014,Soundtrack,320
Kevin MacLeod,Tectonic,Darkness,00:01:22,2014,Classical,256
Kevin MacLeod,The Chamber,Darkness,00:01:53,2014,Soundtrack,320
Kevin MacLeod,The Reveal,Darkness,00:00:57,2014,Soundtrack,268
Kevin MacLeod,Western Streets,Darkness,00:01:48,2014,Soundtrack,320
Kevin MacLeod,Wretched Destroyer,Destruction Device,00:03:18,2017,Soundtrack,256
Kevin MacLeod,Obliteration,Destruction Device,00:02:29,2017,Soundtrack,256
Kevin MacLeod,Grim Idol,Destruction Device,00:03:44,2017,Soundtrack,256
Kevin MacLeod,Graveyard Shift,Destruction Device,00:03:17,2017,Soundtrack,256
Kevin MacLeod,Malicious,Destruction Device,00:03:42,2017,Soundtrack,256
Kevin MacLeod,Return of the Mummy,Destruction Device,00:02:49,2017,Soundtrack,256
Kevin MacLeod,Eternal Terminal,Destruction Device,00:03:17,2017,Soundtrack,256
Kevin MacLeod,Nightmare Machine,Destruction Device,00:03:46,2017,Soundtrack,256
Kevin MacLeod,Death and Axes,Destruction Device,00:02:48,2017,Soundtrack,256
Kevin MacLeod,Darkling,Destruction Device,00:02:49,2017,Soundtrack,256
Kevin MacLeod,Aggressor,Destruction Device,00:03:58,2017,Soundtrack,256
Kevin MacLeod,Unholy Knight,Destruction Device,00:02:34,2017,Soundtrack,256
Kevin MacLeod,Burnt Spirit,Destruction Device,00:01:54,2017,Soundtrack,256
Kevin MacLeod,Airport Lounge,Disco Ultralounge,00:05:07,2014,,320
Kevin MacLeod,Aurea Carmina,Disco Ultralounge,00:03:31,2014,Disco,320
Kevin MacLeod,Avant Jazz,Disco Ultralounge,00:00:41,2014,Ambient,320
Kevin MacLeod,Babylon,Disco Ultralounge,00:04:15,2014,Ambient,320
Kevin MacLeod,Chill,Disco Ultralounge,00:03:50,2014,Unclassifiable,320
Kevin MacLeod,Cool Blast,Disco Ultralounge,00:01:16,2014,Electronic,320
Kevin MacLeod,Daybreak,Disco Ultralounge,00:03:20,2014,Lounge,269
Kevin MacLeod,Disco con Tutti,Disco Ultralounge,00:03:56,2014,Disco,320
Kevin MacLeod,Disco Lounge,Disco Ultralounge,00:04:13,2014,Disco,320
Kevin MacLeod,Ether Disco,Disco Ultralounge,00:02:56,2014,Disco,256
Kevin MacLeod,George Street Shuffle,Disco Ultralounge,00:04:28,2014,Jazz,320
Kevin MacLeod,Kool Kats,Disco Ultralounge,00:03:20,2014,Jazz,320
Kevin MacLeod,Local Forecast - Elevator,Disco Ultralounge,00:03:09,2014,Jazz,320
Kevin MacLeod,Mining by Moonlight,Disco Ultralounge,00:03:23,2014,Jazz,320
Kevin MacLeod,Moon Lounge Omicron Prime,Disco Ultralounge,00:03:44,2014,,320
Kevin MacLeod,Overcast,Disco Ultralounge,00:03:48,2014,Disco,320
Kevin MacLeod,Smoother Move,Disco Ultralounge,00:01:04,2014,,320
Kevin MacLeod,Soporific,Disco Ultralounge,00:04:50,2014,Lounge,320
Kevin MacLeod,Stringed Disco,Disco Ultralounge,00:02:54,2014,Disco,256
Kevin MacLeod,Vegas Glitz,Disco Ultralounge,00:00:51,2014,Lounge,320
Kevin MacLeod,Who Likes to Party,Disco Ultralounge,00:04:17,2014,Disco,320
Kevin MacLeod,Dream Catcher,Dream Catcher,00:06:17,2019,Hip-Hop,320
Kevin MacLeod,And Awaken,Elona MP3 Pack,00:00:29,2009,Soundtrack,320
Kevin MacLeod,Celtic Impulse,Elona MP3 Pack,00:02:38,2009,World,320
Kevin MacLeod,Exotics,Elona MP3 Pack,00:05:20,2013,Electronic,256
Kevin MacLeod,Alien Restaurant,Ethereal,00:06:12,2014,Soundtrack,234
Kevin MacLeod,Cupid’s Revenge,Ethereal,00:01:45,2014,Video Game,320
Kevin MacLeod,Dark Fog,Ethereal,00:03:59,2014,Soundtrack,320
Kevin MacLeod,Dark Pad,Ethereal,00:01:04,2014,,160
Kevin MacLeod,Hypnothis,Ethereal,00:04:43,2014,,320
Kevin MacLeod,Legend of One,Ethereal,00:02:19,2014,Unclassifiable,128
Kevin MacLeod,Mirage,Ethereal,00:04:00,2014,Experimental,320
Kevin MacLeod,Music for Manatees,Ethereal,00:17:36,2014,Ambient,320
Kevin MacLeod,New Direction,Ethereal,00:11:19,2014,Ambient,320
Kevin MacLeod,Orion 300XB,Ethereal,00:03:42,2014,Ambient,320
Kevin MacLeod,Political Action Ad,Ethereal,00:01:08,2014,Unclassifiable,256
Kevin MacLeod,Scissors,Ethereal,00:03:27,2014,,320
Kevin MacLeod,Vulcan,Ethereal,00:03:35,2014,Unclassifiable,320
Kevin MacLeod,Finding the Balance,Ethereal,00:03:28,2014,,320
Kevin MacLeod,Darkness is Coming,Ethereal,00:02:51,2014,Electronic,320
Kevin MacLeod,Modern Vibes,Ethereal,00:02:01,2014,Classical,263
Kevin MacLeod,Ever Mindful,Ever Mindful,00:26:39,2017,New Age,256
Kevin MacLeod,Bet You Can,Exhilarate,00:03:18,2014,Rock,320
Kevin MacLeod,Zap Beat,Exhilarate,00:01:57,2014,Rock,320
Kevin MacLeod,Broken Reality,Exhilarate,00:03:38,2014,Rock,320
Kevin MacLeod,Cool Hard Facts,Exhilarate,00:02:16,2014,Rock,320
Kevin MacLeod,El Magicia,Exhilarate,00:04:05,2014,Rock,289
Kevin MacLeod,Exhilarate,Exhilarate,00:02:25,2014,Rock,320
Kevin MacLeod,I Feel You,Exhilarate,00:03:08,2014,Rock,320
Kevin MacLeod,Neo Western,Exhilarate,00:02:25,2014,World,320
Kevin MacLeod,Noise Attack,Exhilarate,00:02:35,2014,Rock,320
Kevin MacLeod,Pulse,Exhilarate,00:02:56,2014,Rock,128
Kevin MacLeod,Pump,Exhilarate,00:00:42,2014,Rock,320
Kevin MacLeod,Summon the Rawk,Exhilarate,00:03:28,2014,Rock,320
Kevin MacLeod,Tech Talk,Exhilarate,00:04:01,2014,Unclassifiable,320
Kevin MacLeod,Twisted,Exhilarate,00:03:07,2014,Rock,256
Kevin MacLeod,What You Want,Exhilarate,00:01:27,2014,Rock,320
Kevin MacLeod,Sinfonia 3,Experimental,00:01:50,2012,Unclassifiable,320
Kevin MacLeod,Texture for Violincello and Pianoforte No. 2,Experimental,00:03:04,2012,Experimental,320
Kevin MacLeod,The Second Coming - Instrumental,Experimental,00:02:25,2012,Soundtrack,320
Kevin MacLeod,Good Night FINAL,Falcon Banner,00:02:14,0,,256
Kevin MacLeod,Canon in D Major,Famous Classics,00:05:55,2008,Classical,263
Kevin MacLeod,Cello Suite #1 in G - Prelude,Famous Classics,00:02:08,2008,Classical,320
Kevin MacLeod,Chromatic Fantasia (Bach BWV 930),Famous Classics,00:06:41,2008,Classical,256
Kevin MacLeod,Chromatic Fuge (Bach BWV 930),Famous Classics,00:05:53,2008,Classical,256
Kevin MacLeod,Dance of the Sugar Plum Fairies,Famous Classics,00:01:46,2008,Holiday,320
Kevin MacLeod,Divertimento K131,Famous Classics,00:02:02,2008,Classical,320
Kevin MacLeod,Divertissement,Famous Classics,00:01:35,2008,Classical,256
Kevin MacLeod,"Jesu, Joy of Man's Desiring",Famous Classics,00:03:13,2008,Holiday,301
Kevin MacLeod,Sheep May Safely Graze - BWV 208,Famous Classics,00:03:57,2008,Classical,192
Kevin MacLeod,Thaxted,Famous Classics,00:02:32,2008,Classical,261
Kevin MacLeod,Toccata and Fugue in D Minor,Famous Classics,00:08:41,2008,Classical,320
Kevin MacLeod,Wagner Bridal Chorus,Famous Classics,00:02:19,2008,Classical,320
Kevin MacLeod,Wagner Bridal Chorus - piano,Famous Classics,00:01:42,2008,Classical,320
Kevin MacLeod,Waltz - Tschikovsky Op. 40,Famous Classics,00:05:40,2008,Classical,308
Kevin MacLeod,"Brandenburg Concerto No. 4 in G, Movement I (Allegro), BWV 1049",Famous Classics,00:07:17,2008,Classical,256
Kevin MacLeod,Android Sock Hop,Ferret,00:04:44,2017,Soft Rock,256
Kevin MacLeod,Robobozo,Ferret,00:03:25,2017,Electronic,256
Kevin MacLeod,Zazie,Ferret,00:03:33,2017,Easy Listening,256
Kevin MacLeod,Balloon Game,Ferret,00:03:41,2017,Electronic,256
Kevin MacLeod,Teddy Bear Waltz,Ferret,00:03:15,2017,Soundtrack,256
Kevin MacLeod,Cheery Monday,Ferret,00:01:20,2017,Easy Listening,256
Kevin MacLeod,Jerry Five,Ferret,00:02:40,2017,Electronic,256
Kevin MacLeod,Industrious Ferret,Ferret,00:03:37,2017,Soundtrack,256
Kevin MacLeod,Comfortable Mystery Part 1,Film Noire,00:03:56,2014,Lounge,260
Kevin MacLeod,Comfortable Mystery Part 2,Film Noire,00:00:53,2014,Soundtrack,320
Kevin MacLeod,Comfortable Mystery Part 3,Film Noire,00:01:06,2014,Soundtrack,320
Kevin MacLeod,Comfortable Mystery Part 4,Film Noire,00:01:15,2014,Soundtrack,320
Kevin MacLeod,Bass Walker,Film Noire,00:02:41,2014,Jazz,320
Kevin MacLeod,Cool Vibes,Film Noire,00:03:38,2014,Jazz,320
Kevin MacLeod,Covert Affair,Film Noire,00:03:14,2014,Jazz,320
Kevin MacLeod,Dances and Dames,Film Noire,00:02:26,2014,Jazz,320
Kevin MacLeod,Enigma,Film Noire,00:02:31,2014,Soundtrack,284
Kevin MacLeod,Fast Talkin,Film Noire,00:00:59,2014,Soundtrack,320
Kevin MacLeod,I Knew a Guy,Film Noire,00:02:46,2014,Jazz,284
Kevin MacLeod,Night on the Docks,Film Noire,00:02:54,2014,Jazz,270
Kevin MacLeod,On the Ground,Film Noire,00:02:39,2014,Jazz,256
Kevin MacLeod,Private Eye,Film Noire,00:01:15,2014,,320
Kevin MacLeod,Sidewalk Shade,Film Noire,00:02:37,2014,Jazz,320
Kevin MacLeod,Urban Gauntlet,Final Battle,00:03:29,2016,,256
Kevin MacLeod,Motherlode,Final Battle,00:03:57,2016,Rock,256
Kevin MacLeod,Ready Aim Fire,Final Battle,00:03:36,2016,Hard Rock,256
Kevin MacLeod,Mary Celeste,Final Battle,00:02:42,2016,Soundtrack,320
Kevin MacLeod,Dreams Become Real,Final Battle,00:06:50,2016,New Age,256
Kevin MacLeod,Lost Time,Final Battle,00:03:47,2016,Soundtrack,256
Kevin MacLeod,This House,Final Battle,00:04:28,2016,Horror,256
Kevin MacLeod,Intrepid,Final Battle,00:03:10,2016,Soundtrack,256
Kevin MacLeod,Crowd Hammer,Final Battle,00:03:27,2016,Soundtrack,256
Kevin MacLeod,Final Battle of the Dark Wizards,Final Battle,00:04:31,2016,Soundtrack,256
Kevin MacLeod,Clash Defiant,Final Battle,00:06:15,2016,Soundtrack,256
Kevin MacLeod,Corruption,Final Battle,00:07:03,2016,Soundtrack,256
Kevin MacLeod,Myst on the Moor,Final Battle,00:03:49,2016,Soundtrack,256
Kevin MacLeod,Curse of the Scarab,Final Battle,00:05:27,2016,Soundtrack,256
Kevin MacLeod,Ryno’s Theme,Final Battle,00:03:05,2016,,256
Kevin MacLeod,Killers,Final Battle,00:05:05,2016,,256
Kevin MacLeod,Welcome to HorrorLand,Final Battle,00:04:10,2016,Soundtrack,256
Kevin MacLeod,Aces High,Funkorama,00:03:13,2014,Funk,320
Kevin MacLeod,C-Funk,Funkorama,00:02:50,2014,Funk,320
Kevin MacLeod,Cold Funk,Funkorama,00:04:48,2014,Rock,320
Kevin MacLeod,DD Groove,Funkorama,00:03:41,2014,Blues,320
Kevin MacLeod,Dirt Rhodes,Funkorama,00:02:00,2014,Blues,320
Kevin MacLeod,Flutey Funk,Funkorama,00:03:34,2014,Funk,320
Kevin MacLeod,Fork and Spoon,Funkorama,00:03:16,2014,Blues,320
Kevin MacLeod,Funk Game Loop,Funkorama,00:00:56,2014,Funk,320
Kevin MacLeod,Funkorama,Funkorama,00:03:21,2014,Rock,320
Kevin MacLeod,Funky One,Funkorama,00:03:00,2014,Funk,256
Kevin MacLeod,Got Funk,Funkorama,00:04:41,2014,Funk,320
Kevin MacLeod,Hustle,Funkorama,00:02:00,2014,Blues,320
Kevin MacLeod,Just Nasty,Funkorama,00:04:10,2014,Funk,320
Kevin MacLeod,Nile’s Blues,Funkorama,00:02:33,2014,Blues,320
Kevin MacLeod,Porch Blues,Funkorama,00:01:55,2014,Blues,273
Kevin MacLeod,Protofunk,Funkorama,00:03:02,2014,,192
Kevin MacLeod,Semi-Funk,Funkorama,00:02:08,2014,Funk,286
Kevin MacLeod,Slow Burn,Funkorama,00:03:48,2014,Blues,320
Kevin MacLeod,Style Funk,Funkorama,00:05:07,2014,,192
Kevin MacLeod,That’s a Wrap,Funkorama,00:01:52,2014,Funk,320
Kevin MacLeod,Wah Game Loop,Funkorama,00:01:20,2014,Blues,320
Kevin MacLeod,Garden Music,Garden Music,00:41:17,2015,New Age,256
Kevin MacLeod,Departure,Ghostpocalypse,00:01:17,2014,Soundtrack,320
Kevin MacLeod,The Call,Ghostpocalypse,00:02:48,2014,Soundtrack,320
Kevin MacLeod,Road of Trials,Ghostpocalypse,00:02:30,2014,Soundtrack,320
Kevin MacLeod,Temptress,Ghostpocalypse,00:01:54,2014,Soundtrack,320
Kevin MacLeod,Apotheosis,Ghostpocalypse,00:01:48,2014,Soundtrack,320
Kevin MacLeod,Crossing the Threshold,Ghostpocalypse,00:01:48,2014,Soundtrack,320
Kevin MacLeod,Master,Ghostpocalypse,00:01:59,2014,Soundtrack,320
Kevin MacLeod,Epilog,Ghostpocalypse,00:01:42,2014,Soundtrack,320
Kevin MacLeod,Funky Chunk,Groovy,00:03:59,2016,Funk,256
Kevin MacLeod,Chill Wave,Groovy,00:04:00,2016,Atmospheric,256
Kevin MacLeod,Local Forecast,Groovy,00:03:19,2016,Jazz,320
Kevin MacLeod,Corncob,Groovy,00:00:53,2016,Country,320
Kevin MacLeod,Sidewalk Shade,Groovy,00:03:02,2016,Jazz,320
Kevin MacLeod,In Your Arms,Groovy,00:02:48,2016,Big Band,256
Kevin MacLeod,Lobby Time,Groovy,00:03:13,2016,General Unclassifiable,256
Kevin MacLeod,Deadly Roulette,Groovy,00:02:39,2016,Jazz,256
Kevin MacLeod,Secret of Tiki Island,Groovy,00:03:16,2016,,256
Kevin MacLeod,Spy Glass,Groovy,00:03:46,2016,Jazz,256
Kevin MacLeod,BossaBossa,Groovy,00:02:47,2016,Latin,256
Kevin MacLeod,Whiskey on the Mississippi,Groovy,00:03:15,2016,Blues,320
Kevin MacLeod,Happy Happy Gameshow,Groovy,00:02:38,2016,Blues,256
Kevin MacLeod,OctoBlues,Groovy,00:04:16,2016,Blues,256
Kevin MacLeod,Acid Trumpet,Groovy,00:03:28,2016,Lounge,192
Kevin MacLeod,Beach Bum,Happyrock,00:00:52,2014,Rock,320
Kevin MacLeod,Chipper,Happyrock,00:01:25,2014,Rock,299
Kevin MacLeod,Feelin Good,Happyrock,00:03:45,2014,Rock,320
Kevin MacLeod,Happy Bee (Surf),Happyrock,00:05:09,2014,Rock,320
Kevin MacLeod,Happy Bee,Happyrock,00:05:02,2014,Rock,320
Kevin MacLeod,Iron Bacon,Happyrock,00:00:55,2014,Rock,320
Kevin MacLeod,Last Kiss Goodnight,Happyrock,00:03:06,2014,Rock,320
Kevin MacLeod,Malt Shop Bop,Happyrock,00:02:46,2014,Rock,320
Kevin MacLeod,Motivator,Happyrock,00:03:57,2014,,320
Kevin MacLeod,Neolith,Happyrock,00:02:47,2014,Rock,320
Kevin MacLeod,Raw,Happyrock,00:01:57,2014,Rock,320
Kevin MacLeod,RetroFuture Nasty,Happyrock,00:03:25,2014,Rock,320
Kevin MacLeod,RetroFuture Dirty,Happyrock,00:03:25,2014,Rock,320
Kevin MacLeod,RetroFuture Clean,Happyrock,00:03:26,2014,Rock,320
Kevin MacLeod,Rock on Chicago,Happyrock,00:01:39,2014,Rock,320
Kevin MacLeod,Sock Hop,Happyrock,00:02:46,2014,Rock,320
Kevin MacLeod,Surf Inspector,Happyrock,00:03:20,2014,Rock,320
Kevin MacLeod,Blipotron,Hard Electronic,00:02:29,2014,Electronic,320
Kevin MacLeod,Blue Scorpion,Hard Electronic,00:03:17,2014,Electronic,320
Kevin MacLeod,Club Diver,Hard Electronic,00:02:25,2014,,320
Kevin MacLeod,Cut and Dry,Hard Electronic,00:03:42,2014,Electronic,320
Kevin MacLeod,Cut and Run,Hard Electronic,00:03:34,2014,Electronic,320
Kevin MacLeod,Double O,Hard Electronic,00:03:54,2014,Electronic,320
Kevin MacLeod,Harmful or Fatal,Hard Electronic,00:05:30,2014,Techno,320
Kevin MacLeod,Ice Flow,Hard Electronic,00:02:22,2014,Electronic,320
Kevin MacLeod,In a Heartbeat,Hard Electronic,00:03:37,2014,Techno,320
Kevin MacLeod,Kick Shock,Hard Electronic,00:01:02,2014,Electronic,320
Kevin MacLeod,Latin Industries,Hard Electronic,00:03:20,2014,,320
Kevin MacLeod,MTA,Hard Electronic,00:02:56,2014,,320
Kevin MacLeod,Ouroboros,Hard Electronic,00:02:41,2014,Electronis,320
Kevin MacLeod,Pinball Spring 160,Hard Electronic,00:02:51,2014,Electronic,320
Kevin MacLeod,Rocket,Hard Electronic,00:02:26,2014,Electronic,320
Kevin MacLeod,Ropocolypse 2,Hard Electronic,00:01:47,2014,Electronic,320
Kevin MacLeod,Shiny Tech,Hard Electronic,00:03:42,2014,Techno,320
Kevin MacLeod,Shiny Tech II,Hard Electronic,00:03:42,2014,Techno,320
Kevin MacLeod,Split in Synapse,Hard Electronic,00:00:38,2014,Electronica,320
Kevin MacLeod,Steel Rods,Hard Electronic,00:02:24,2014,Soundtrack,320
Kevin MacLeod,Aretes,Healing,00:04:36,2014,New Age,320
Kevin MacLeod,Bright Wish,Healing,00:00:40,2014,New Age,320
Kevin MacLeod,Clear Waters,Healing,00:02:08,2014,New Age,320
Kevin MacLeod,Continue Life,Healing,00:01:54,2014,New Age,265
Kevin MacLeod,Friday Morning,Healing,00:03:30,2014,New Age,259
Kevin MacLeod,Healing,Healing,00:08:40,2014,New Age,320
Kevin MacLeod,Heartwarming,Healing,00:01:12,2014,New Age,320
Kevin MacLeod,Light Awash,Healing,00:29:20,2014,Ambient,192
Kevin MacLeod,Midday Dance,Healing,00:01:31,2014,New Age,128
Kevin MacLeod,Midsummer Sky,Healing,00:01:54,2014,New Age,261
Kevin MacLeod,Numinous Shine,Healing,00:04:18,2014,New Age,320
Kevin MacLeod,Overheat,Healing,00:07:03,2014,World,320
Kevin MacLeod,Sapphire Isle,Healing,00:02:11,2014,New Age,256
Kevin MacLeod,Simple Duet,Healing,00:03:19,2014,New Age,320
Kevin MacLeod,Starry,Healing,00:03:18,2014,New Age,320
Kevin MacLeod,There is Romance,Healing,00:03:17,2014,New Age,320
Kevin MacLeod,Touching Story,Healing,00:01:06,2014,New Age,320
Kevin MacLeod,Two Together,Healing,00:01:56,2014,New Age,320
Kevin MacLeod,Village Dawn,Healing,00:01:27,2014,New Age,264
Kevin MacLeod,Vision of Persistence,Healing,00:03:44,2014,New Age,320
Kevin MacLeod,White,Healing,00:03:04,2014,New Age,320
Kevin MacLeod,Wisps of Whorls,Healing,00:14:16,2014,,320
Kevin MacLeod,Decisions,Horror Soundscapes,00:01:28,2014,TV & Film,320
Kevin MacLeod,Fantastic Dim Bar,Horror Soundscapes,00:03:09,2014,Fantasy,192
Kevin MacLeod,Inexorable,Horror Soundscapes,00:06:29,2014,Soundtrack,320
Kevin MacLeod,Rising,Horror Soundscapes,00:02:31,2014,TV & Film,320
Kevin MacLeod,The Escalation,Horror Soundscapes,00:05:27,2014,Horror,256
Kevin MacLeod,Vanes,Horror Soundscapes,00:01:45,2014,Soundtrack,320
Kevin MacLeod,Long Note One,Horror Soundscapes,00:07:20,2014,Soundtrack,320
Kevin MacLeod,Long Note Two,Horror Soundscapes,00:07:42,2014,Soundtrack,320
Kevin MacLeod,Long Note Three,Horror Soundscapes,00:03:12,2014,Soundtrack,320
Kevin MacLeod,Allegretto,Impact,00:03:02,2014,Soundtrack,320
Kevin MacLeod,Andante,Impact,00:02:48,2014,Soundtrack,320
Kevin MacLeod,Intermezzo,Impact,00:01:04,2014,Soundtrack,320
Kevin MacLeod,Lento,Impact,00:03:30,2014,Soundtrack,320
Kevin MacLeod,Moderato,Impact,00:01:15,2014,Soundtrack,320
Kevin MacLeod,Prelude,Impact,00:03:22,2014,Soundtrack,320
Kevin MacLeod,Laserpack,Laserpack,00:03:05,2018,Electronic,320
Kevin MacLeod,As I Figure,Latinesque,00:03:36,2014,Latin,320
Kevin MacLeod,Back on Track,Latinesque,00:01:18,2014,Jazz,320
Kevin MacLeod,Bassa Island Game Loop,Latinesque,00:00:32,2014,Latin,320
Kevin MacLeod,Beachfront Celebration,Latinesque,00:03:07,2014,,320
Kevin MacLeod,Chee Zee Beach,Latinesque,00:03:23,2014,Video Game,320
Kevin MacLeod,Comparsa,Latinesque,00:02:39,2014,,256
Kevin MacLeod,Guiton Sketch,Latinesque,00:00:34,2014,Rock,320
Kevin MacLeod,Hackbeat,Latinesque,00:04:02,2014,,320
Kevin MacLeod,Laid Back Guitars,Latinesque,00:04:04,2014,Experimental,128
Kevin MacLeod,Modern Jazz Samba,Latinesque,00:04:08,2014,Latin,192
Kevin MacLeod,No Frills Cumbia,Latinesque,00:03:56,2014,Latin,256
Kevin MacLeod,No Frills Salsa,Latinesque,00:02:47,2014,Latin,160
Kevin MacLeod,Notanico Merengue,Latinesque,00:03:01,2014,Latin,320
Kevin MacLeod,Peppy Pepe,Latinesque,00:02:38,2014,Latin,192
Kevin MacLeod,Sancho Panza Gets a Latte,Latinesque,00:03:13,2014,Unclassifiable,320
Kevin MacLeod,Tango de Manzana,Latinesque,00:03:02,2014,World,320
Kevin MacLeod,Blobby Samba,Latinesque,00:03:53,2014,Unclassifiable,320
Kevin MacLeod,Chipper Doodle,Light Electronic,00:02:52,2014,Electronic,320
Kevin MacLeod,Deliberate Thought,Light Electronic,00:02:57,2014,Electronic,320
Kevin MacLeod,Electrodoodle,Light Electronic,00:02:46,2014,,320
Kevin MacLeod,How it Begins,Light Electronic,00:03:10,2014,Electronic,320
Kevin MacLeod,Klockworx,Light Electronic,00:04:01,2014,Electronic,320
Kevin MacLeod,New Friendly,Light Electronic,00:02:49,2014,Electronic,320
Kevin MacLeod,One Sly Move,Light Electronic,00:02:41,2014,Electronic,320
Kevin MacLeod,Pamgaea,Light Electronic,00:02:48,2014,Electronic,320
Kevin MacLeod,Pinball Spring,Light Electronic,00:03:55,2014,Electronic,320
Kevin MacLeod,Presenterator,Light Electronic,00:04:15,2014,Electronic,320
Kevin MacLeod,Rollin At 5,Light Electronic,00:02:08,2014,Jazz,256
Kevin MacLeod,Show Your Moves,Light Electronic,00:03:35,2014,Electronic,320
Kevin MacLeod,Super Friendly,Light Electronic,00:02:14,2014,Soundtrack,320
Kevin MacLeod,Theme for Harold (var. 3),Light Electronic,00:01:16,2014,Electronic,320
Kevin MacLeod,Theme for Harold (var. 2),Light Electronic,00:01:33,2014,Electronic,320
Kevin MacLeod,Theme for Harold (var. 1),Light Electronic,00:01:52,2014,Electronic,320
Kevin MacLeod,Wallpaper,Light Electronic,00:03:40,2014,Electronic,320
Kevin MacLeod,Cipher,Light Electronic,00:03:51,2014,Blues/R&B,320
Kevin MacLeod,Maccary Bay,Maccary Bay,00:04:00,2016,World,320
Kevin MacLeod,Thief in the Night,Maccary Bay,00:03:04,2016,Reggae,256
Kevin MacLeod,Casa Bossa Nova,Maccary Bay,00:04:02,2016,,256
Kevin MacLeod,Cuban Sandwich,Maccary Bay,00:03:15,2016,World,256
Kevin MacLeod,Leopard Print Elevator,Maccary Bay,00:05:27,2016,Easy Listening,256
Kevin MacLeod,Carnival Intrigue,Maccary Bay,00:03:19,2016,Samba,256
Kevin MacLeod,Blue Ska,Maccary Bay,00:02:26,2016,Ska,256
Kevin MacLeod,Upbeat Forever,Maccary Bay,00:03:14,2016,Rock,256
Kevin MacLeod,Quirky Dog,Maccary Bay,00:02:28,2016,Latin,256
Kevin MacLeod,Hep Cats,Maccary Bay,00:04:10,2016,Jazz,256
Kevin MacLeod,Ultralounge,Maccary Bay,00:05:16,2016,Easy Listening,256
Kevin MacLeod,Electro Cabello,Maccary Bay,00:03:10,2016,Disco,320
Kevin MacLeod,Modern Piano Alpha - As Loud as Possible,Mad Pianist,00:01:08,2008,Classical,273
Kevin MacLeod,Modern Piano Beta - Jackhammer,Mad Pianist,00:01:40,2008,Classical,272
Kevin MacLeod,Modern Piano Delta - Atonal in C-ish,Mad Pianist,00:00:38,2008,Classical,265
Kevin MacLeod,Modern Piano Epsilon - The Small,Mad Pianist,00:00:37,2008,Classical,264
Kevin MacLeod,Modern Piano Gamma - Rushed,Mad Pianist,00:02:02,2008,Classical,272
Kevin MacLeod,Modern Piano Zeta - Improbable,Mad Pianist,00:01:41,2008,Classical,266
Kevin MacLeod,Piece for Disaffected Piano One,Mad Pianist,00:03:08,2008,Classical,320
Kevin MacLeod,Piece for Disaffected Piano Two,Mad Pianist,00:05:26,2008,Classical,320
Kevin MacLeod,Aftermath,Madness and Paranoia,00:03:12,2014,Horror,320
Kevin MacLeod,Anxiety,Madness and Paranoia,00:01:50,2014,Horror,317
Kevin MacLeod,Blue Sizzle,Madness and Paranoia,00:02:26,2014,Soundtrack,320
Kevin MacLeod,Children’s Theme,Madness and Paranoia,00:01:07,2014,Horror,320
Kevin MacLeod,Classic Horror 2,Madness and Paranoia,00:01:15,2014,Soundtrack,320
Kevin MacLeod,Come Play with Me,Madness and Paranoia,00:02:11,2014,Horror,256
Kevin MacLeod,Day of Chaos,Madness and Paranoia,00:04:09,2014,Horror,320
Kevin MacLeod,Decay,Madness and Paranoia,00:04:38,2014,Soundtrack,320
Kevin MacLeod,Digital Bark,Madness and Paranoia,00:04:27,2014,Horror,312
Kevin MacLeod,Distant Tension,Madness and Paranoia,00:03:47,2014,Horror,298
Kevin MacLeod,Echoes of Time v2,Madness and Paranoia,00:04:45,2014,Horror,320
Kevin MacLeod,Echoes of Time,Madness and Paranoia,00:04:45,2014,Horror,320
Kevin MacLeod,Dark Walk,Madness and Paranoia,00:01:25,2014,Soundtrack,320
Kevin MacLeod,Gathering Darkness,Madness and Paranoia,00:04:24,2014,Horror,320
Kevin MacLeod,Inner Sanctum,Madness and Paranoia,00:04:10,2014,Horror,320
Kevin MacLeod,Penumbra,Madness and Paranoia,00:04:56,2014,Horror,320
Kevin MacLeod,Quinn’s Song: A New Man,Madness and Paranoia,00:01:44,2014,Horror,320
Kevin MacLeod,Quinn’s Song: First Night,Madness and Paranoia,00:05:12,2014,Horror,320
Kevin MacLeod,Quinn’s Song: The Dance Begins,Madness and Paranoia,00:00:45,2014,Soundtrack,320
Kevin MacLeod,The Dread,Madness and Paranoia,00:00:00,2014,,
Kevin MacLeod,Trepidation,Madness and Paranoia,00:01:14,2014,Horror,306
Kevin MacLeod,Unease,Madness and Paranoia,00:01:28,2014,Horror,307
Kevin MacLeod,Very Low Note,Madness and Paranoia,00:01:23,2014,Soundtrack,320
Kevin MacLeod,Cottages,Magic Scout: A Calm Experience,00:03:53,2018,52,128
Kevin MacLeod,Farm,Magic Scout: A Calm Experience,00:04:52,2018,52,128
Kevin MacLeod,Manor,Magic Scout: A Calm Experience,00:03:53,2018,52,128
Kevin MacLeod,Northern Glade,Magic Scout: A Calm Experience,00:05:15,2018,52,128
Kevin MacLeod,Basement Floor,Medium Electronic,00:01:46,2014,,320
Kevin MacLeod,Cognitive Dissonance,Medium Electronic,00:04:48,2014,Electronic,320
Kevin MacLeod,Dance Monster,Medium Electronic,00:03:20,2014,Electronic,291
Kevin MacLeod,Early Riser,Medium Electronic,00:02:53,2014,Electronic,256
Kevin MacLeod,Electro (Sketch),Medium Electronic,00:03:07,2014,Soundtrack,320
Kevin MacLeod,Enter the Party,Medium Electronic,00:03:08,2014,Electronic,320
Kevin MacLeod,Future Cha Cha,Medium Electronic,00:04:37,2014,Electronic,320
Kevin MacLeod,Go Cart,Medium Electronic,00:03:32,2014,Electronic,320
Kevin MacLeod,Hand Balance Redux,Medium Electronic,00:07:17,2014,Soundtrack,320
Kevin MacLeod,Intuit,Medium Electronic,00:07:50,2014,,256
Kevin MacLeod,Killing Time,Medium Electronic,00:03:24,2014,Electronic,320
Kevin MacLeod,Long Time Coming,Medium Electronic,00:04:34,2014,Electronic,320
Kevin MacLeod,Misuse,Medium Electronic,00:06:50,2014,Electronic,256
Kevin MacLeod,Overriding Concern,Medium Electronic,00:03:02,2014,Electronic,320
Kevin MacLeod,Phat Sketch,Medium Electronic,00:01:05,2014,,320
Kevin MacLeod,Pure Attitude,Medium Electronic,00:03:20,2014,Electronic,320
Kevin MacLeod,Son of a Rocket,Medium Electronic,00:04:00,2014,Electronic,320
Kevin MacLeod,The Way Out,Medium Electronic,00:02:52,2014,Electronic,320
Kevin MacLeod,Thinking Out Loud,Medium Electronic,00:04:44,2014,Electronic,320
Kevin MacLeod,Trips It,Medium Electronic,00:04:20,2014,Electronic,320
Kevin MacLeod,Variation on Egmont,Medium Electronic,00:03:32,2014,Ambient,320
Kevin MacLeod,Fretless,Mesmerize,00:05:36,2016,Easy Listening,256
Kevin MacLeod,Immersed,Mesmerize,00:04:08,2016,Contemporary,256
Kevin MacLeod,Dreamer,Mesmerize,00:03:24,2016,Contemporary,256
Kevin MacLeod,Promises to Keep,Mesmerize,00:05:04,2016,Soundtrack,320
Kevin MacLeod,Fresh Air,Mesmerize,00:04:54,2016,Music,256
Kevin MacLeod,Soaring,Mesmerize,00:06:20,2016,New Age,256
Kevin MacLeod,Relaxing Piano Music,Mesmerize,00:24:54,2016,New Age,256
Kevin MacLeod,Space X-plorers,Mesmerize,00:01:42,2016,Soundtrack,266
Kevin MacLeod,Universal,Mesmerize,00:04:30,2016,New Age,256
Kevin MacLeod,Daytime TV Theme,Mesmerize,00:00:48,2016,Soundtrack,265
Kevin MacLeod,Mesmerize,Mesmerize,00:07:04,2016,Soundtrack,256
Kevin MacLeod,In the West,Mesmerize,00:00:39,2016,,320
Kevin MacLeod,Miami Nights (Main Theme),Miami Nights,00:03:21,2017,Soundtrack,256
Kevin MacLeod,Jet Fueled Vixen,Miami Nights,00:02:39,2017,Soundtrack,256
Kevin MacLeod,Andrea’s Theme,Miami Nights,00:03:37,2017,Soundtrack,256
Kevin MacLeod,Hiding Your Reality,Miami Nights,00:03:12,2017,Soundtrack,256
Kevin MacLeod,Mystery Sax,Miami Nights,00:04:35,2017,Soundtrack,256
Kevin MacLeod,Outfoxing the Fox,Miami Nights,00:02:55,2017,Soundtrack,256
Kevin MacLeod,Hot Pursuit,Miami Nights,00:02:49,2017,Soundtrack,256
Kevin MacLeod,I Can Feel It Coming,Miami Nights,00:03:35,2017,Soundtrack,256
Kevin MacLeod,Man Down,Miami Nights,00:03:18,2017,Soundtrack,256
Kevin MacLeod,Street Party,Miami Nights,00:02:52,2017,Soundtrack,256
Kevin MacLeod,Industrial Revolution,Mystery,00:02:25,2014,Soundtrack,320
Kevin MacLeod,Invariance,Mystery,00:03:36,2014,Soundtrack,320
Kevin MacLeod,Lost Frontier,Mystery,00:04:24,2014,Soundtrack,320
Kevin MacLeod,Myst,Mystery,00:03:04,2014,Soundtrack,320
Kevin MacLeod,Not As It Seems,Mystery,00:01:40,2014,Soundtrack,320
Kevin MacLeod,Ominous,Mystery,00:00:34,2014,Soundtrack,320
Kevin MacLeod,Quiet Panic,Mystery,00:00:38,2014,Soundtrack,320
Kevin MacLeod,Satiate,Mystery,00:03:12,2014,Soundtrack,320
Kevin MacLeod,Serpentine Trek,Mystery,00:01:46,2014,Classical,320
Kevin MacLeod,Smoking Gun,Mystery,00:03:08,2014,Soundtrack,320
Kevin MacLeod,Sneaky Snitch,Mystery,00:02:16,2014,,320
Kevin MacLeod,Spy Groove,Mystery,00:03:00,2014,Soundtrack,320
Kevin MacLeod,The Other Side of the Door,Mystery,00:02:47,2014,,320
Kevin MacLeod,The Second Coming,Mystery,00:02:25,2014,Soundtrack,320
Kevin MacLeod,Umbrella Pants,Mystery,00:01:10,2014,Soundtrack,320
Kevin MacLeod,Spider Eyes,Mystery,00:03:35,2014,,320
Kevin MacLeod,Floating Cities,Mystic Force,00:03:04,2016,,256
Kevin MacLeod,Thunderbird,Mystic Force,00:06:01,2016,New Age,256
Kevin MacLeod,Crypto,Mystic Force,00:03:24,2016,Soundtrack,256
Kevin MacLeod,Odyssey,Mystic Force,00:05:06,2016,Soundtrack,256
Kevin MacLeod,Destiny Day,Mystic Force,00:03:12,2016,,256
Kevin MacLeod,Mystic Force,Mystic Force,00:03:43,2016,New Age,256
Kevin MacLeod,Spellbound,Mystic Force,00:03:49,2016,Electronic,256
Kevin MacLeod,Heavy Heart,Mystic Force,00:04:56,2016,Contemporary,256
Kevin MacLeod,Unwritten Return,Mystic Force,00:05:09,2016,New Age,256
Kevin MacLeod,Infinite Perspective,Mystic Force,00:05:45,2016,New Age,256
Kevin MacLeod,Phantom from Space,Mystic Force,00:02:36,2016,Soundtrack,256
Kevin MacLeod,Jellyfish in Space,Mystic Force,00:06:31,2016,New Age,256
Kevin MacLeod,Blown Away,Netherworld Shanty,00:03:45,2014,Electronic,320
Kevin MacLeod,Chee Zee Lab,Netherworld Shanty,00:04:16,2014,Video Game,320
Kevin MacLeod,Circus Tent,Netherworld Shanty,00:00:32,2014,,320
Kevin MacLeod,Gypsy Shoegazer,Netherworld Shanty,00:04:20,2014,,320
Kevin MacLeod,Industrial Music Box,Netherworld Shanty,00:01:42,2014,Unclassifiable,320
Kevin MacLeod,Junkyard Tribe,Netherworld Shanty,00:03:07,2014,,320
Kevin MacLeod,Mind Scrape,Netherworld Shanty,00:02:48,2014,Ambient,320
Kevin MacLeod,One-eyed Maestro,Netherworld Shanty,00:01:57,2014,Unclassifiable,320
Kevin MacLeod,Scattershot,Netherworld Shanty,00:02:02,2014,Soundtrack,320
Kevin MacLeod,Simple Music to Frighten Small Children By,Netherworld Shanty,00:00:16,2014,Other,192
Kevin MacLeod,Supernatural Radio A,Netherworld Shanty,00:01:46,2014,Drama,320
Kevin MacLeod,Waltz of the Carnies,Netherworld Shanty,00:03:57,2014,Horror,256
Kevin MacLeod,Monster Promenade,Netherworld Shanty,00:02:29,2014,Unclassifiable,320
Kevin MacLeod,Netherworld Shanty,Netherworld Shanty,00:03:15,2014,Unclassifiable,320
Kevin MacLeod,With a Creation,Netherworld Shanty,00:05:14,2014,Experimental,320
Kevin MacLeod,Anachronist,Oddities,00:00:41,2014,Rock,320
Kevin MacLeod,Brightly Fancy,Oddities,00:02:14,2014,Folk,320
Kevin MacLeod,Crunk Knight,Oddities,00:03:52,2014,Unclassifiable,256
Kevin MacLeod,First Call,Oddities,00:00:10,2014,Unclassifiable,320
Kevin MacLeod,Fluffing a Duck,Oddities,00:01:07,2014,,320
Kevin MacLeod,Hamster March,Oddities,00:00:35,2014,Soundtrack,320
Kevin MacLeod,Home Base Groove,Oddities,00:00:21,2014,Rock,320
Kevin MacLeod,Narcissus,Oddities,00:02:06,2014,Unclassifiable,320
Kevin MacLeod,Plain Loafer,Oddities,00:01:28,2014,Silent Film Score,320
Kevin MacLeod,Radio Martini,Oddities,00:02:47,2014,Soundtrack,320
Kevin MacLeod,Winner Winner!,Oddities,00:03:18,2014,Unclassifiable,256
Kevin MacLeod,Sing Along with Jim,Oddities,00:00:58,2014,Unclassifiable,320
Kevin MacLeod,Vintage Education,Oddities,00:00:20,2014,,320
Kevin MacLeod,Nothing Broken,Oddities,00:02:46,2014,Unclassifiable,320
Kevin MacLeod,Petulant March,Oddities,00:02:40,2014,,320
Kevin MacLeod,Ujangong Mix,Oddities,00:02:52,2014,Unclassifiable,320
Kevin MacLeod,Organic Meditations One,Organic Meditations,00:16:28,2014,,320
Kevin MacLeod,Organic Meditations Two,Organic Meditations,00:15:55,2014,,320
Kevin MacLeod,Organic Meditations Three,Organic Meditations,00:16:07,2014,,320
Kevin MacLeod,Ossuary 1 - A Beginning,Ossuary,00:03:08,2015,Horror,256
Kevin MacLeod,Ossuary 2 - Turn,Ossuary,00:04:48,2015,Horror,256
Kevin MacLeod,Ossuary 3 - Words,Ossuary,00:03:56,2015,Horror,256
Kevin MacLeod,Ossuary 4 - Animate,Ossuary,00:03:16,2015,Horror,256
Kevin MacLeod,Ossuary 5 - Rest,Ossuary,00:03:55,2015,Horror,256
Kevin MacLeod,Ossuary 6 - Air,Ossuary,00:04:10,2015,Horror,256
Kevin MacLeod,Ossuary 7 - Resolve,Ossuary,00:04:18,2015,Horror,256
Kevin MacLeod,Bit Quest,Pixelland,00:03:12,2015,Electronic,256
Kevin MacLeod,Blip Stream,Pixelland,00:04:44,2015,Electronic,256
Kevin MacLeod,Danger Storm,Pixelland,00:03:15,2015,Electronic,256
Kevin MacLeod,EDM Detection Mode,Pixelland,00:06:05,2015,Electronic,256
Kevin MacLeod,Exit the Premises,Pixelland,00:03:30,2015,Electronic,256
Kevin MacLeod,Kawai Kitsune,Pixelland,00:04:02,2015,Electronic,256
Kevin MacLeod,Level Up,Pixelland,00:03:39,2015,Electronic,256
Kevin MacLeod,Pixelland,Pixelland,00:03:53,2015,Games,256
Kevin MacLeod,Reformat,Pixelland,00:03:39,2015,Electronic,256
Kevin MacLeod,Rhinoceros,Pixelland,00:03:23,2015,Electronic,256
Kevin MacLeod,Secrets of the Schoolyard,Pixelland,00:02:57,2015,Unclassifiable,256
Kevin MacLeod,Severe Tire Damage,Pixelland,00:06:51,2015,Techno,256
Kevin MacLeod,The Lift,Pixelland,00:07:47,2015,Electronica,256
Kevin MacLeod,Wagon Wheel - Electronic,Pixelland,00:05:03,2015,Electronic,256
Kevin MacLeod,What Is Love,Pixelland,00:03:27,2015,Electronic,256
Kevin MacLeod,Mighty Like Us,Pixelland,00:04:00,2015,Electronic,256
Kevin MacLeod,Double Polka,Polka! Polka! Polka!,00:03:42,2014,Polka,256
Kevin MacLeod,Dvorak Polka,Polka! Polka! Polka!,00:01:45,2014,Polka,285
Kevin MacLeod,Four Beers’ Polka,Polka! Polka! Polka!,00:02:27,2014,Polka,320
Kevin MacLeod,Glee Club Polka,Polka! Polka! Polka!,00:03:26,2014,Polka,320
Kevin MacLeod,Manic Polka,Polka! Polka! Polka!,00:03:18,2014,Polka,256
Kevin MacLeod,No Spam Polka,Polka! Polka! Polka!,00:03:22,2014,Polka,256
Kevin MacLeod,Pixel Peeker Polka - faster,Polka! Polka! Polka!,00:03:22,2014,Polka,320
Kevin MacLeod,Pixel Peeker Polka - slower,Polka! Polka! Polka!,00:03:48,2014,Polka,320
Kevin MacLeod,Snare Bounce Polka,Polka! Polka! Polka!,00:02:40,2014,Polka,256
Kevin MacLeod,Spazzmatica Polka,Polka! Polka! Polka!,00:01:36,2014,Polka,320
Kevin MacLeod,Super Polka,Polka! Polka! Polka!,00:00:49,2014,Polka,320
Kevin MacLeod,Birch Run,Primal Drive,00:04:27,2014,World,320
Kevin MacLeod,Black Bird,Primal Drive,00:02:54,2014,World,320
Kevin MacLeod,Chee Zee Jungle,Primal Drive,00:02:41,2014,Video Game,320
Kevin MacLeod,Dama-May,Primal Drive,00:05:14,2014,Unclassifiable,320
Kevin MacLeod,Double Drift,Primal Drive,00:04:07,2014,World,320
Kevin MacLeod,Firebrand,Primal Drive,00:05:58,2014,World,320
Kevin MacLeod,Firesong,Primal Drive,00:03:32,2014,World,320
Kevin MacLeod,Freddy's Menagerie,Primal Drive,00:03:24,2014,World,320
Kevin MacLeod,Lagoa V2,Primal Drive,00:03:13,2014,World,320
Kevin MacLeod,Lagoa V1,Primal Drive,00:03:51,2014,World,320
Kevin MacLeod,Leblon,Primal Drive,00:03:16,2014,World,320
Kevin MacLeod,Night of the Owl,Primal Drive,00:03:53,2014,World,320
Kevin MacLeod,Quasi Motion,Primal Drive,00:02:31,2014,World,320
Kevin MacLeod,Rite of Passage,Primal Drive,00:04:41,2014,World,320
Kevin MacLeod,StompDance,Primal Drive,00:03:42,2014,World,320
Kevin MacLeod,Suvaco do Cristo,Primal Drive,00:02:36,2014,World,320
Kevin MacLeod,Thunderhead,Primal Drive,00:02:55,2014,World,320
Kevin MacLeod,Tikopia,Primal Drive,00:03:48,2014,World,320
Kevin MacLeod,Witch Hunt,Primal Drive,00:03:31,2014,Soundtrack,320
Kevin MacLeod,World Vice,Primal Drive,00:03:24,2014,World,320
Kevin MacLeod,Bent and Broken,PsychoKiller,00:04:27,2014,Horror,320
Kevin MacLeod,Chase Pulse Faster,PsychoKiller,00:01:36,2014,Soundtrack,320
Kevin MacLeod,Chase Pulse,PsychoKiller,00:01:56,2014,Soundtrack,320
Kevin MacLeod,Classic Horror 3,PsychoKiller,00:02:05,2014,Soundtrack,320
Kevin MacLeod,Dance of Deception,PsychoKiller,00:01:29,2014,Soundtrack,262
Kevin MacLeod,Evening of Chaos,PsychoKiller,00:04:42,2014,Horror,320
Kevin MacLeod,Final Count,PsychoKiller,00:03:23,2014,Soundtrack,320
Kevin MacLeod,Heart of the Beast,PsychoKiller,00:04:57,2014,Horror,320
Kevin MacLeod,Hush,PsychoKiller,00:02:28,2014,Horror,320
Kevin MacLeod,Ice Demon,PsychoKiller,00:04:24,2014,Soundtrack,320
Kevin MacLeod,Measured Paces,PsychoKiller,00:01:12,2014,Horror,262
Kevin MacLeod,Nervous,PsychoKiller,00:01:58,2014,Horror,305
Kevin MacLeod,Night Break,PsychoKiller,00:02:12,2014,Soundtrack,320
Kevin MacLeod,One of Them,PsychoKiller,00:03:32,2014,Soundtrack,320
Kevin MacLeod,Pop Goes the Weasel,PsychoKiller,00:01:08,2014,Horror,320
Kevin MacLeod,Redletter,PsychoKiller,00:04:28,2014,,320
Kevin MacLeod,Right Behind You,PsychoKiller,00:04:22,2014,,320
Kevin MacLeod,Seven March,PsychoKiller,00:02:08,2014,Soundtrack,320
Kevin MacLeod,Static Motion,PsychoKiller,00:03:08,2014,Soundtrack,320
Kevin MacLeod,The Hive,PsychoKiller,00:04:12,2014,,320
Kevin MacLeod,The House of Leaves,PsychoKiller,00:03:26,2014,,320
Kevin MacLeod,Zombie Chase,PsychoKiller,00:02:23,2014,Soundtrack,320
Kevin MacLeod,Rains Will Fall,Rains Will Fall,00:03:42,2010,Waltz,320
Kevin MacLeod,B-Roll,Reggae & Ska,00:01:24,2009,Reggae,305
Kevin MacLeod,B-Roll (ska),Reggae & Ska,00:01:01,2009,Ska,295
Kevin MacLeod,Beach Party,Reggae & Ska,00:00:49,2009,Reggae,320
Kevin MacLeod,Easy Jam,Reggae & Ska,00:04:56,2009,Reggae,320
Kevin MacLeod,Firmament,Reggae & Ska,00:03:45,2009,Rock,320
Kevin MacLeod,Reggae (Sketch),Reggae & Ska,00:03:21,2009,,320
Kevin MacLeod,Smash Sketch,Reggae & Ska,00:03:33,2009,Soundtrack,320
Kevin MacLeod,Tea Roots,Reggae & Ska,00:04:39,2009,World,320
Kevin MacLeod,Reunited,Reunited,00:01:11,2014,Contemporary,320
Kevin MacLeod,Despair and Triumph,Reunited,00:04:45,2014,Contemporary,320
Kevin MacLeod,Montauk Point,Reunited,00:03:39,2014,Contemporary,320
Kevin MacLeod,Summer Day,Reunited,00:03:18,2014,,320
Kevin MacLeod,Easy Lemon,Reunited,00:02:06,2014,,320
Kevin MacLeod,Brittle Rille,Reunited,00:03:49,2014,Contemporary,320
Kevin MacLeod,Bicycle,Reunited,00:04:42,2014,Contemporary,320
Kevin MacLeod,Over Under,Reunited,00:04:10,2014,Contemporary,320
Kevin MacLeod,Blue Feather,Reunited,00:04:38,2014,Contemporary,320
Kevin MacLeod,Devastation and Revenge,Reunited,00:03:05,2014,Contemporary,320
Kevin MacLeod,Honey Bee,Reunited,00:00:57,2014,Pop,320
Kevin MacLeod,Impromptu in Blue,Reunited,00:02:08,2014,Experimental,320
Kevin MacLeod,Isolated,Reunited,00:01:04,2014,Contemporary,320
Kevin MacLeod,Porch Swing Days,Reunited,00:03:36,2014,Contemporary,320
Kevin MacLeod,Swimmey Texture,Reunited,00:01:04,2014,Contemporary,320
Kevin MacLeod,Wet Riffs,Reunited,00:04:12,2014,Contemporary,320
Kevin MacLeod,When The Wind Blows,Reunited,00:04:26,2014,,320
Kevin MacLeod,Winter Chimes,Reunited,00:02:38,2014,Contemporary,128
Kevin MacLeod,Wounded,Reunited,00:03:21,2014,Contemporary,320
Kevin MacLeod,Silly Fun,Reunited,00:01:14,2014,,320
Kevin MacLeod,Awesome Call,Rollin’ at 5,00:02:32,2014,Jazz,284
Kevin MacLeod,Backed Vibes - Clear Version,Rollin’ at 5,00:03:48,2014,Jazz,320
Kevin MacLeod,Backed Vibes,Rollin’ at 5,00:03:48,2014,Jazz,320
Kevin MacLeod,Bass Soli,Rollin’ at 5,00:01:05,2014,Jazz,299
Kevin MacLeod,Bass Vibes,Rollin’ at 5,00:02:49,2014,Jazz,320
Kevin MacLeod,Dispersion Relation,Rollin’ at 5,00:04:04,2014,Jazz,320
Kevin MacLeod,Faster Does It,Rollin’ at 5,00:03:01,2014,,320
Kevin MacLeod,Groove Grove,Rollin’ at 5,00:03:25,2014,Other,320
Kevin MacLeod,Hot Swing,Rollin’ at 5,00:00:00,2014,,
Kevin MacLeod,Intractable,Rollin’ at 5,00:04:28,2014,Jazz,286
Kevin MacLeod,Just As Soon,Rollin’ at 5,00:03:48,2014,Jazz,287
Kevin MacLeod,Local Forecast,Rollin’ at 5,00:02:45,2014,Jazz,320
Kevin MacLeod,Long Stroll,Rollin’ at 5,00:04:14,2014,Jazz,277
Kevin MacLeod,No Good Layabout,Rollin’ at 5,00:03:06,2014,Jazz,286
Kevin MacLeod,Off to Osaka,Rollin’ at 5,00:01:49,2014,Jazz,285
Kevin MacLeod,On the Cool Side,Rollin’ at 5,00:01:42,2014,Jazz,320
Kevin MacLeod,Opportunity Walks,Rollin’ at 5,00:02:41,2014,Jazz,304
Kevin MacLeod,Rollin At 5,Rollin’ at 5,00:02:10,2014,Jazz,256
Kevin MacLeod,Shades of Spring,Rollin’ at 5,00:03:07,2014,Jazz,303
Kevin MacLeod,Sweeter Vermouth,Rollin’ at 5,00:00:24,2014,,320
Kevin MacLeod,Vibe Ace,Rollin’ at 5,00:01:01,2014,Stings,320
Kevin MacLeod,Walking Along,Rollin’ at 5,00:02:23,2014,Jazz,305
Kevin MacLeod,At Rest,Romance,00:03:26,2014,,320
Kevin MacLeod,Avec Soin,Romance,00:02:25,2014,Soundtrack,320
Kevin MacLeod,Facile,Romance,00:03:32,2014,Soundtrack,320
Kevin MacLeod,Feather Waltz,Romance,00:01:30,2014,Soundtrack,320
Kevin MacLeod,Gone Beyond,Romance,00:02:41,2014,Soundtrack,320
Kevin MacLeod,Heart of Nowhere,Romance,00:02:52,2014,,256
Kevin MacLeod,Love Song,Romance,00:03:00,2014,Soundtrack,271
Kevin MacLeod,Memory Lane,Romance,00:01:51,2014,Soundtrack,320
Kevin MacLeod,On the Shore,Romance,00:01:40,2014,,320
Kevin MacLeod,Open Those Bright Eyes,Romance,00:01:28,2014,Soundtrack,320
Kevin MacLeod,Pepper's Theme,Romance,00:03:59,2014,Soundtrack,256
Kevin MacLeod,Reawakening,Romance,00:03:34,2014,Soundtrack,320
Kevin MacLeod,The Parting,Romance,00:03:03,2014,Soundtrack,320
Kevin MacLeod,Thinking of You,Romance,00:01:50,2014,Soundtrack,320
Kevin MacLeod,Water Droplets on the River,Romance,00:01:44,2014,Silent Film Score,320
Kevin MacLeod,Water Lily,Romance,00:02:24,2014,Soundtrack,256
Kevin MacLeod,Achaidh Cheide,Royalty Free,00:02:14,2009,World,320
Kevin MacLeod,Achilles,Royalty Free,00:01:00,2009,Soundtrack,320
Kevin MacLeod,Adventure Meme,Royalty Free,00:01:41,2014,Soundtrack,256
Kevin MacLeod,Airship Serenity,Royalty Free,00:04:00,2016,8bit,256
Kevin MacLeod,Aitech,Royalty Free,00:02:30,2008,Rock,192
Kevin MacLeod,Alchemists Tower,Royalty Free,00:00:57,2009,,320
Kevin MacLeod,Amazing Grace 2011,Royalty Free,00:03:09,2011,Classical,320
Kevin MacLeod,Amazing Plan - Distressed,Royalty Free,00:01:27,2010,Soundtrack,320
Kevin MacLeod,Angel Share,Royalty Free,00:03:20,2017,Easy Listening,256
Kevin MacLeod,Ascending the Vale,Royalty Free,00:04:07,2016,Soundtrack,256
Kevin MacLeod,Ashton Manor,Royalty Free,00:00:44,2013,Soundtrack,320
Kevin MacLeod,At Launch,Royalty Free,00:03:05,2009,,320
Kevin MacLeod,Attack of the Mole Men,Royalty Free,00:00:40,2009,Soundtrack,320
Kevin MacLeod,Ave Marimba,Royalty Free,00:02:49,2017,World,256
Kevin MacLeod,Bad Ideas (distressed),Royalty Free,00:00:30,2008,Silent Film Score,320
Kevin MacLeod,Bama Country,Royalty Free,00:03:31,2009,Country,320
Kevin MacLeod,Bet You Can ver 2,Royalty Free,00:02:36,2012,Rock,320
Kevin MacLeod,Bit Shift,Royalty Free,00:03:12,2016,8bit,256
Kevin MacLeod,Bittersweet,Royalty Free,00:03:22,2017,Soundtrack,256
Kevin MacLeod,Blown Away - No Percussion,Royalty Free,00:03:45,2012,Electronic,320
Kevin MacLeod,BTS Prolog,Royalty Free,00:02:21,2006,Soundtrack,320
Kevin MacLeod,Bumbly March,Royalty Free,00:00:58,2008,Soundtrack,320
Kevin MacLeod,Bummin on Tremelo,Royalty Free,00:03:12,2017,Soft Rock,256
Kevin MacLeod,Bump in the Night,Royalty Free,00:01:51,2011,Soundtrack,320
Kevin MacLeod,Bushwick Tarentella Loop,Royalty Free,00:01:20,2013,World,320
Kevin MacLeod,Chipper Doodle,Royalty Free,00:03:08,2011,Electronic,320
Kevin MacLeod,Christmas Rap,Royalty Free,00:03:06,2015,Holiday,256
Kevin MacLeod,Chucky the Construction Worker,Royalty Free,00:00:28,2008,Soundtrack,274
Kevin MacLeod,Cold Sober,Royalty Free,00:03:21,2017,Unclassifiable,256
Kevin MacLeod,Comedic Juggernaut,Royalty Free,00:00:46,2008,Soundtrack,320
Kevin MacLeod,Comin Round the Mountain,Royalty Free,00:02:53,2011,Modern,320
Kevin MacLeod,Concentration,Royalty Free,00:29:52,2017,New Age,256
Kevin MacLeod,Conflicted,Royalty Free,00:02:05,2007,Bizarre,320
Kevin MacLeod,Consort for Brass,Royalty Free,00:00:50,2010,,320
Kevin MacLeod,Court of the Queen,Royalty Free,00:03:20,2010,Waltz,320
Kevin MacLeod,Cowboy Stings,Royalty Free,00:00:58,2014,Stings,320
Kevin MacLeod,Crossing the Chasm,Royalty Free,00:03:16,2017,Soundtrack,256
Kevin MacLeod,Crusade - Heavy Industry,Royalty Free,00:09:17,2019,Soundtrack,320
Kevin MacLeod,Cyborg Ninja,Royalty Free,00:03:00,2016,Electronic,256
Kevin MacLeod ft. Brett VanDonsel,Daily Beetle,Royalty Free,00:05:16,2015,Unclassifiable,256
Kevin MacLeod,Danse of Questionable Tuning,Royalty Free,00:02:06,2009,Experimental,320
Kevin MacLeod,Dark Dance,Royalty Free,00:03:15,2008,Soundtrack,320
Kevin MacLeod,Dark Hallway (distressed),Royalty Free,00:00:52,2008,Silent Film Score,320
Kevin MacLeod,Dark Star,Royalty Free,00:00:54,2009,,320
Kevin MacLeod,Darkest Child var A,Royalty Free,00:03:17,2011,,320
Kevin MacLeod,DarxieLand,Royalty Free,00:02:25,2016,Soundtrack,256
Kevin MacLeod,Deck the Halls B,Royalty Free,00:04:25,2007,Holiday,320
Kevin MacLeod,Delightful D,Royalty Free,00:03:04,0,Easy Listening,256
Kevin MacLeod,Der Kleber Sting,Royalty Free,00:00:08,2009,Soundtrack,320
Kevin MacLeod,Dewdrop Fantasy,Royalty Free,00:34:57,2017,New Age,256
Kevin MacLeod,Digital Lemonade,Royalty Free,00:03:00,2017,Electronic,256
Kevin MacLeod,Disco Medusae,Royalty Free,00:03:41,2015,Disco,256
Kevin MacLeod,Discovery Hit,Royalty Free,00:00:15,2013,Soundtrack,320
Kevin MacLeod,Disquiet,Royalty Free,00:03:05,2015,,256
Kevin MacLeod,District Four,Royalty Free,00:04:08,2016,,256
Kevin MacLeod,Division,Royalty Free,00:01:06,2017,Soundtrack,256
Kevin MacLeod,Doobly Doo,Royalty Free,00:03:27,2017,Electronic,256
Kevin MacLeod,Drankin Song,Royalty Free,00:04:06,2015,Country,256
Kevin MacLeod,Dub Eastern,Royalty Free,00:03:53,2012,World,320
Kevin MacLeod,Dub Feral,Royalty Free,00:03:53,2012,World,320
Kevin MacLeod,Easy Lemon 30 second,Royalty Free,00:00:31,2012,,320
Kevin MacLeod,Easy Lemon 60 second,Royalty Free,00:01:02,2012,,320
Kevin MacLeod,Egmont Overture,Royalty Free,00:09:06,0,,320
Kevin MacLeod,Egmont Overture Finale,Royalty Free,00:01:43,2012,Classical,320
Kevin MacLeod,Envision,Royalty Free,00:01:25,0,,320
Kevin MacLeod,Eternity,Royalty Free,00:03:18,2016,,256
Kevin MacLeod,Fearless First,Royalty Free,00:03:15,2016,Soft Rock,256
Kevin MacLeod,Fife and Drum,Royalty Free,00:00:58,2016,,256
Kevin MacLeod,Fig Leaf Rag,Royalty Free,00:03:28,2010,Classical,320
Kevin MacLeod,Fig Leaf Rag - distressed,Royalty Free,00:03:28,2010,Classical,320
Kevin MacLeod,Fig Leaf Times Two,Royalty Free,00:06:20,2012,Silent Film Score,320
Kevin MacLeod,Fireflies and Stardust,Royalty Free,00:04:15,2016,Country,256
Kevin MacLeod,Flighty Theme,Royalty Free,00:00:28,2008,Soundtrack,320
Kevin MacLeod,Flying Kerfuffle,Royalty Free,00:04:10,2019,Electronic,320
Kevin MacLeod,Folk Round,Royalty Free,00:03:03,2009,Soundtrack,320
Kevin MacLeod,Frost Waltz (alternate),Royalty Free,00:02:16,2008,Soundtrack,320
Kevin MacLeod,Funeral March for Brass,Royalty Free,00:02:10,2011,Classical,320
Kevin MacLeod,Funin And Sunin,Royalty Free,00:03:38,2017,Soft Rock,256
Kevin MacLeod,Furious Freak,Royalty Free,00:03:07,2016,Electronic,256
Kevin MacLeod,Galway,Royalty Free,00:03:40,2017,Folk,256
Kevin MacLeod,Gaslamp Funworks,Royalty Free,00:02:28,2011,Experimental,320
Kevin MacLeod,Giant Wyrm,Royalty Free,00:04:19,2016,,256
Kevin MacLeod,Glitter Blast,Royalty Free,00:02:57,0,,320
Kevin MacLeod,Go Cart - Drop mix,Royalty Free,00:02:11,2013,Electronic,320
Kevin MacLeod,Go Cart - Loop mix,Royalty Free,00:01:23,2013,Electronic,320
Kevin MacLeod,Golly Gee,Royalty Free,00:00:33,2008,Unclassifiable,320
Kevin MacLeod,Gonna Start,Royalty Free,00:03:10,2014,Reggae,320
Kevin MacLeod,Gonna Start v2,Royalty Free,00:02:34,2014,Reggae,320
Kevin MacLeod,Gregorian Chant,Royalty Free,00:03:14,2016,Atmospheric,256
Kevin MacLeod,Guess Who,Royalty Free,00:01:23,2008,Musical,320
Kevin MacLeod,Gymnopedie No 1,Royalty Free,00:03:07,2011,Classical,320
Kevin MacLeod,Gymnopedie No 2,Royalty Free,00:02:39,2011,Classical,320
Kevin MacLeod,Gymnopedie No 3,Royalty Free,00:02:25,2011,Classical,320
Kevin MacLeod,Gypsy Shoegazer No Voices,Royalty Free,00:04:21,2012,,320
Kevin MacLeod,Habanera,Royalty Free,00:04:07,2009,Classical,320
Kevin MacLeod,Hall of the Mountain King,Royalty Free,00:02:32,2012,Classical,320
Kevin MacLeod,Hidden Wonders,Royalty Free,00:02:59,2017,World,256
Kevin MacLeod,Industrial Cinematic,Royalty Free,00:04:04,2016,Industrial,256
Kevin MacLeod,Inspired,Royalty Free,00:04:46,2016,Electronica,256
Kevin MacLeod,Iron Horse - Distressed,Royalty Free,00:02:00,2010,Soundtrack,320
Kevin MacLeod,Itty Bitty 8 Bit,Royalty Free,00:03:13,2010,Electronic,320
Kevin MacLeod,Jingle Bells Calm,Royalty Free,00:02:22,2007,Holiday,267
Kevin MacLeod,Kumasi Groove (Flugelhorn),Royalty Free,00:03:44,2008,World,297
Kevin MacLeod,Laconic Granny,Royalty Free,00:00:33,2008,Unclassifiable,320
Kevin MacLeod,Laser Groove,Royalty Free,00:02:48,2017,Techno,256
Kevin MacLeod,Le Grand Chase,Royalty Free,00:01:40,2019,Cinematic,320
Kevin MacLeod,Leaving Home,Royalty Free,00:08:09,0,,320
Kevin MacLeod,Life of Riley,Royalty Free,00:03:55,2014,Pop,256
Kevin MacLeod,Light Thought var 3,Royalty Free,00:02:42,2012,Soundtrack,320
Kevin MacLeod,Light Thought var 4,Royalty Free,00:02:13,2012,Soundtrack,320
Kevin MacLeod,Long Road Ahead,Royalty Free,00:02:26,2009,Soundtrack,320
Kevin MacLeod,Long Road Ahead B,Royalty Free,00:01:43,2009,Soundtrack,320
Kevin MacLeod,Loping Sting,Royalty Free,00:00:04,2012,,320
Kevin MacLeod,Magic Forest,Royalty Free,00:04:20,2016,Atmospheric,256
Kevin MacLeod,Magistar,Royalty Free,00:03:12,0,,320
Kevin MacLeod,Mandeville,Royalty Free,00:03:37,2011,Reggae,320
Kevin MacLeod,March of the Spoons,Royalty Free,00:03:06,2017,Soundtrack,256
Kevin MacLeod,Marty Gots a Plan High Quality,Royalty Free,00:02:48,2015,Soundtrack,256
Kevin MacLeod,Master Disorder,Royalty Free,00:03:57,2016,Hip Hop/Rap,256
Kevin MacLeod,Matt’s Blues,Royalty Free,00:02:46,2009,Blues,320
Kevin MacLeod,Meatball Parade High Quality,Royalty Free,00:03:24,2015,Unclassifiable,256
Kevin MacLeod,Medusa,Royalty Free,00:01:19,2011,,320
Kevin MacLeod,Mega Hyper Ultrastorm,Royalty Free,00:03:13,2017,8bit,256
Kevin MacLeod,Merry Go - Distressed,Royalty Free,00:02:00,2010,Soundtrack,320
Kevin MacLeod,Merry Go Slower,Royalty Free,00:02:11,2010,Soundtrack,320
Kevin MacLeod,Merry Go Slower - Distressed,Royalty Free,00:02:11,2010,Soundtrack,320
Kevin MacLeod,Metalmania,Royalty Free,00:03:10,2017,Rock,256
Kevin MacLeod,Metaphysik,Royalty Free,00:04:37,2014,Unclassifiable,256
Kevin MacLeod,Miami Viceroy,Royalty Free,00:04:27,2017,Electronic,256
Kevin MacLeod,Midnight Tale,Royalty Free,00:02:41,0,,320
Kevin MacLeod,Minima,Royalty Free,00:03:33,2012,Soundtrack,320
Kevin MacLeod,Mischief Maker,Royalty Free,00:03:21,0,2017,256
Kevin MacLeod,Monkeys Spinning Monkeys,Royalty Free,00:02:05,2014,Orchestra,320
Kevin MacLeod,Montego,Royalty Free,00:03:26,2011,Reggae,320
Kevin MacLeod,Mountain Emperor,Royalty Free,00:03:20,2017,World,256
Kevin MacLeod,Music Box Theme,Royalty Free,00:01:03,2008,Unclassifiable,320
Kevin MacLeod,Music for Funeral Home - Part 11,Royalty Free,00:07:33,2012,Unclassifiable,320
Kevin MacLeod,Music to Delight,Royalty Free,00:00:55,2012,Experimental,320
Kevin MacLeod,Mysterioso March,Royalty Free,00:02:47,2008,Classical,256
Kevin MacLeod,mystery,Royalty Free,00:01:04,0,Soundtrack,96
Kevin MacLeod,Mystery Bazaar,Royalty Free,00:02:38,2017,World,256
Kevin MacLeod,Night on the Docks - Sax,Royalty Free,00:02:54,2009,Jazz,267
Kevin MacLeod,Night on the Docks - Trumpet,Royalty Free,00:02:54,2009,Jazz,269
Kevin MacLeod,No Frills Cumbia Faster,Royalty Free,00:03:26,0,Latin,256
Kevin MacLeod,No Frills Salsa - Alternate,Royalty Free,00:01:27,2008,Latin,256
Kevin MacLeod,Nonstop,Royalty Free,00:03:11,2016,Soundtrack,256
Kevin MacLeod,Nowhere Land,Royalty Free,00:02:12,2016,8bit,256
Kevin MacLeod,Oh Christmas Tree,Royalty Free,00:00:49,2007,Holiday,320
Kevin MacLeod,On My Way,Royalty Free,00:04:13,2016,Soundtrack,256
Kevin MacLeod,Onion Capers,Royalty Free,00:02:14,2019,Cinematic,320
Kevin MacLeod,Overworld,Royalty Free,00:02:52,2016,Electronic,256
Kevin MacLeod,Pale Rider,Royalty Free,00:02:10,2011,,320
Kevin MacLeod,Passing Action,Royalty Free,00:00:50,2009,Soundtrack,320
Kevin MacLeod,Pookatori and Friends,Royalty Free,00:04:07,2017,8bit,256
Kevin MacLeod,Poppers and Prosecco,Royalty Free,00:03:13,2017,Jazz,256
Kevin MacLeod,Porch Swing Days - faster,Royalty Free,00:03:04,2010,Contemporary,320
Kevin MacLeod,Port Horizon,Royalty Free,00:05:23,2017,Unclassifiable,256
Kevin MacLeod,Prelude in C - BWV 846,Royalty Free,00:02:58,2010,Classical,320
Kevin MacLeod,Professor Umlaut,Royalty Free,00:03:31,2016,Soundtrack,256
Kevin MacLeod,Rainbows,Royalty Free,00:03:39,2016,Soundtrack,256
Kevin MacLeod,Ranz des Vaches,Royalty Free,00:01:25,2010,Classical,320
Kevin MacLeod,Reign,Royalty Free,00:02:42,2009,Soundtrack,320
Kevin MacLeod,River Flute,Royalty Free,00:20:28,0,,320
Kevin MacLeod,River of Io,Royalty Free,00:04:09,2016,Soundtrack,256
Kevin MacLeod,Rock Hybrid,Royalty Free,00:02:10,2009,Rock,320
Kevin MacLeod,Rocket Power,Royalty Free,00:02:33,2016,,256
Kevin MacLeod,Run Amok,Royalty Free,00:01:47,2014,Comedy,256
Kevin MacLeod,Salty Ditty,Royalty Free,00:02:08,2016,8bit,256
Kevin MacLeod,Satiate Percussion,Royalty Free,00:03:12,2012,Soundtrack,320
Kevin MacLeod,Satiate Strings,Royalty Free,00:03:12,2012,Soundtrack,320
Kevin MacLeod,Send for the Horses,Royalty Free,00:03:05,2017,Soundtrack,256
Kevin MacLeod,Shaving Mirror,Royalty Free,00:03:26,2017,R&B/Soul,256
Kevin MacLeod,Sleep and Then,Royalty Free,00:00:40,2009,,160
Kevin MacLeod,Slow Jam,Royalty Free,00:04:25,2016,Unclassifiable,256
Kevin MacLeod,Slow Ska Game Loop,Royalty Free,00:00:35,2011,Reggae,320
Kevin MacLeod,Somewhere Sunny (ver 2),Royalty Free,00:01:54,2009,Pop,320
Kevin MacLeod,Song of the Volga Boatmen,Royalty Free,00:01:01,2010,Classical,320
Kevin MacLeod,Special Spotlight,Royalty Free,00:03:12,2016,Techno,256
Kevin MacLeod,Spring Thaw,Royalty Free,00:00:54,2009,Soundtrack,320
Kevin MacLeod,Stealth Groover,Royalty Free,00:03:20,2010,Reggae,320
Kevin MacLeod,Suave Standpipe,Royalty Free,00:03:39,2015,Easy Listening,256
Kevin MacLeod,Sugar Plum Breakdown,Royalty Free,00:00:45,2009,Classical,320
Kevin MacLeod,Sugar Plum Dark Mix,Royalty Free,00:02:05,2009,Classical,320
Kevin MacLeod,Sunday Dub,Royalty Free,00:03:29,2017,Unclassifiable,256
Kevin MacLeod,Sunflower Dance Party High Quality,Royalty Free,00:05:44,2015,Dance,256
Kevin MacLeod,Sunset at Glengorm,Royalty Free,00:02:20,2009,Experimental,320
Kevin MacLeod,Sunshine ver 2,Royalty Free,00:03:44,2008,Pop,320
Kevin MacLeod,Super Power Cool Dude,Royalty Free,00:03:55,2016,,256
Kevin MacLeod,Surf Shimmy,Royalty Free,00:02:02,2017,Classic Rock,256
Kevin MacLeod,Symbiosis,Royalty Free,00:04:18,2009,Unclassifiable,320
Kevin MacLeod,Symmetry,Royalty Free,00:06:06,0,,320
Kevin MacLeod,Taps v2,Royalty Free,00:00:54,2011,Unclassifiable,320
Kevin MacLeod,Tech Live,Royalty Free,00:03:48,2017,Soundtrack,256
Kevin MacLeod,The Cannery,Royalty Free,00:03:02,2011,Unclassifiable,320
Kevin MacLeod,The Curtain Rises High Quality,Royalty Free,00:00:28,2015,Soundtrack,256
Kevin MacLeod,The Path of the Goblin King v2,Royalty Free,00:02:58,2011,Classical,320
Kevin MacLeod,The Whip Theme,Royalty Free,00:00:31,2009,Soundtrack,320
Kevin MacLeod,Thinking Music,Royalty Free,00:03:15,2016,Soundtrack,256
Kevin MacLeod,Too Cool,Royalty Free,00:03:01,2016,General Hip Hop,256
Kevin MacLeod,Transition One,Royalty Free,00:00:40,2008,Soundtrack,160
Kevin MacLeod,Two Finger Johnny High Quality,Royalty Free,00:03:12,2015,Unclassifiable,256
Kevin MacLeod,Up on a Housetop,Royalty Free,00:01:07,2007,Holiday,320
Kevin MacLeod,Vanishing,Royalty Free,00:03:54,2016,Soundtrack,256
Kevin MacLeod,Village Consort,Royalty Free,00:03:34,2017,Unclassifiable,256
Kevin MacLeod,Villainous Treachery - Distressed,Royalty Free,00:01:52,2010,Soundtrack,320
Kevin MacLeod,Vivacity,Royalty Free,00:03:51,2014,Success,256
Kevin MacLeod,Voltaic,Royalty Free,00:03:16,2016,Electronic,256
Kevin MacLeod,Waunobe March,Royalty Free,00:01:32,2008,Unclassifiable,320
Kevin MacLeod,Wepa,Royalty Free,00:03:15,2017,Latin,256
Kevin MacLeod,What You Want ver 2,Royalty Free,00:01:27,2009,Rock,320
Kevin MacLeod,Yallahs,Royalty Free,00:03:47,2011,Reggae,320
Kevin MacLeod,Your Call High Quality,Royalty Free,00:03:44,0,Funk,256
Kevin MacLeod,ZigZag,Royalty Free,00:03:45,2016,Electronic,256
Kevin MacLeod,A Turn for the Worse,Sadness,00:01:05,2014,Bizarre,320
Kevin MacLeod,Anguish,Sadness,00:03:59,2014,Soundtrack,256
Kevin MacLeod,Colorless Aura,Sadness,00:02:38,2014,Soundtrack,320
Kevin MacLeod,Death of Kings,Sadness,00:02:24,2014,Soundtrack,320
Kevin MacLeod,Decline,Sadness,00:03:27,2014,Soundtrack,320
Kevin MacLeod,Dissappointment,Sadness,00:01:58,2014,Soundtrack,320
Kevin MacLeod,End of the Era,Sadness,00:03:30,2014,Soundtrack,320
Kevin MacLeod,Fairytale Waltz,Sadness,00:01:39,2014,Soundtrack,256
Kevin MacLeod,For the Fallen,Sadness,00:01:35,2014,Soundtrack,320
Kevin MacLeod,Grave Matters,Sadness,00:01:34,2014,Soundtrack,320
Kevin MacLeod,Lamentation,Sadness,00:03:17,2014,,320
Kevin MacLeod,Longing and Concern,Sadness,00:01:13,2014,Soundtrack,320
Kevin MacLeod,News of Sorrow,Sadness,00:00:52,2014,Soundtrack,320
Kevin MacLeod,Past the Edge,Sadness,00:01:18,2014,Soundtrack,256
Kevin MacLeod,Pensif,Sadness,00:02:09,2014,Soundtrack,320
Kevin MacLeod,Plaint,Sadness,00:03:16,2014,Soundtrack,320
Kevin MacLeod,Promising Relationship,Sadness,00:01:48,2014,Soundtrack,320
Kevin MacLeod,Road to Hell,Sadness,00:01:51,2014,Soundtrack,320
Kevin MacLeod,Serene,Sadness,00:02:10,2014,Classical,192
Kevin MacLeod,Seven Off,Sadness,00:00:55,2014,Soundtrack,262
Kevin MacLeod,Terminal,Sadness,00:00:36,2014,Simple,256
Kevin MacLeod,Time Passes,Sadness,00:01:10,2014,Soundtrack,320
Kevin MacLeod,Trio for Piano Cello and Clarinet,Sadness,00:02:39,2014,Soundtrack,320
Kevin MacLeod,Unpromised,Sadness,00:01:53,2014,,320
Kevin MacLeod,"Shadowlands, Horizon",Shadowlands,00:03:40,2017,Soundtrack,256
Kevin MacLeod,"Shadowlands, Bridge",Shadowlands,00:03:28,2017,Soundtrack,256
Kevin MacLeod,"Shadowlands, Machine",Shadowlands,00:03:50,2017,Soundtrack,256
Kevin MacLeod,"Shadowlands, Breath",Shadowlands,00:03:50,2017,Soundtrack,256
Kevin MacLeod,"Shadowlands, Antechamber",Shadowlands,00:02:58,2017,Soundtrack,256
Kevin MacLeod,"Shadowland, the Pit",Shadowlands,00:03:26,2017,Soundtrack,256
Kevin MacLeod,"Shadowlands, Codex",Shadowlands,00:03:32,2017,Soundtrack,256
Kevin MacLeod,Captain Scurvy,Sheep Reliability,00:03:47,2018,Soundtrack,256
Kevin MacLeod,Desert of Lost Souls,Sheep Reliability,00:03:00,2018,Soundtrack,256
Kevin MacLeod,Cruising for Goblins,Sheep Reliability,00:02:28,2018,Soundtrack,256
Kevin MacLeod,Townie Loop,Sheep Reliability,00:02:34,2018,Soundtrack,256
Kevin MacLeod,Getting It Done,Sheep Reliability,00:03:29,2018,Soundtrack,256
Kevin MacLeod,Werq,Sheep Reliability,00:02:42,2018,Soundtrack,256
Kevin MacLeod,Fantasia Fantasia,Sheep Reliability,00:02:31,2018,Soundtrack,256
Kevin MacLeod,Loopster,Sheep Reliability,00:03:02,2018,Soundtrack,256
Kevin MacLeod,Almost New,Sheep Reliability,00:03:22,2018,Soundtrack,256
Kevin MacLeod,Twisting,Sheep Reliability,00:05:17,2018,Soundtrack,256
Kevin MacLeod,Morgana Rides,Sheep Reliability,00:04:06,2018,Soundtrack,256
Kevin MacLeod,Arroz Con Pollo,Sheep Reliability,00:02:42,2018,Soundtrack,256
Kevin MacLeod,Club Seamus,Sheep Reliability,00:02:25,2018,Soundtrack,256
Kevin MacLeod,Derp Nugget,Sheep Reliability,00:02:49,2018,Soundtrack,256
Kevin MacLeod,Amazing Plan,Silent Film: Dark Collection,00:01:27,2014,Soundtrack,320
Kevin MacLeod,Aunt Tagonist,Silent Film: Dark Collection,00:00:52,2014,Soundtrack,320
Kevin MacLeod,Bad Ideas,Silent Film: Dark Collection,00:00:28,2014,Silent Film Score,320
Kevin MacLeod,Comic Plodding,Silent Film: Dark Collection,00:01:36,2014,Silent Film Score,320
Kevin MacLeod,Dark Hallway,Silent Film: Dark Collection,00:00:46,2014,Silent Film Score,320
Kevin MacLeod,Evil Plan,Silent Film: Dark Collection,00:01:00,2014,Soundtrack,266
Kevin MacLeod,Grammophone Taps,Silent Film: Dark Collection,00:00:57,2014,,320
Kevin MacLeod,Iron Horse,Silent Film: Dark Collection,00:01:39,2014,Soundtrack,320
Kevin MacLeod,Keystone Deluge,Silent Film: Dark Collection,00:01:24,2014,Silent Film Score,320
Kevin MacLeod,The Bandit,Silent Film: Dark Collection,00:00:45,2014,Silent Film Score,320
Kevin MacLeod,Trouble,Silent Film: Dark Collection,00:00:17,2014,Soundtrack,320
Kevin MacLeod,Villainous Treachery,Silent Film: Dark Collection,00:01:52,2014,Soundtrack,320
Kevin MacLeod,Waltz of Treachery,Silent Film: Dark Collection,00:00:41,2014,Soundtrack,268
Kevin MacLeod,Barroom Ballet,Silent Film: Light Collection,00:00:56,2014,Silent Film Score,320
Kevin MacLeod,Batty McFaddin,Silent Film: Light Collection,00:03:20,2014,Silent Film Score,320
Kevin MacLeod,Breaktime,Silent Film: Light Collection,00:02:06,2014,Silent Film Score,320
Kevin MacLeod,Circus Waltz,Silent Film: Light Collection,00:00:40,2014,Soundtrack,263
Kevin MacLeod,Comic Hero,Silent Film: Light Collection,00:00:52,2014,Soundtrack,320
Kevin MacLeod,Doh De Oh,Silent Film: Light Collection,00:00:29,2014,Silent Film Score,320
Kevin MacLeod,Five Card Shuffle,Silent Film: Light Collection,00:02:15,2014,Silent Film Score,320
Kevin MacLeod,Friendly Day,Silent Film: Light Collection,00:01:10,2014,Soundtrack,320
Kevin MacLeod,Gold Rush,Silent Film: Light Collection,00:00:47,2014,Silent Film Score,320
Kevin MacLeod,Hammock Fight,Silent Film: Light Collection,00:00:41,2014,Silent Film Score,320
Kevin MacLeod,Hand Trolley,Silent Film: Light Collection,00:01:35,2014,Silent Film Score,320
Kevin MacLeod,Heroic Reception,Silent Film: Light Collection,00:00:25,2014,Silent Film Score,320
Kevin MacLeod,Hyperfun,Silent Film: Light Collection,00:03:53,2014,Silent Film Score,256
Kevin MacLeod,Look Busy,Silent Film: Light Collection,00:01:47,2014,Silent Film Score,320
Kevin MacLeod,Merry Go,Silent Film: Light Collection,00:02:00,2014,Soundtrack,320
Kevin MacLeod,Mister Exposition,Silent Film: Light Collection,00:02:20,2014,Silent Film Score,320
Kevin MacLeod,Mr. Mealey's Mediocre Machine,Silent Film: Light Collection,00:00:44,2014,Silent Film Score,320
Kevin MacLeod,Olde Timey,Silent Film: Light Collection,00:03:15,2014,Silent Film Score,320
Kevin MacLeod,Plucky Daisy,Silent Film: Light Collection,00:02:50,2014,Silent Film Score,320
Kevin MacLeod,Royal Banana,Silent Film: Light Collection,00:02:10,2014,Soundtrack,320
Kevin MacLeod,Super Circus,Silent Film: Light Collection,00:00:38,2014,Soundtrack,320
Kevin MacLeod,The Chase,Silent Film: Light Collection,00:00:36,2014,Soundtrack,275
Kevin MacLeod,Work is Work,Silent Film: Light Collection,00:00:49,2014,Soundtrack,265
Kevin MacLeod,Somewhere Sunny,Somewhere Sunny,00:00:59,2014,Other,320
Kevin MacLeod,Clear Air,Somewhere Sunny,00:03:03,2014,Pop,320
Kevin MacLeod,Happy Alley,Somewhere Sunny,00:01:20,2014,Rock,320
Kevin MacLeod,Poofy Reel,Somewhere Sunny,00:00:47,2014,Pop,320
Kevin MacLeod,Sunshine,Somewhere Sunny,00:03:21,2014,Rock,320
Kevin MacLeod,Nightdreams,Spirit,00:06:35,2017,New Age,256
Kevin MacLeod,River Fire,Spirit,00:06:40,2017,New Age,256
Kevin MacLeod,Sky of Our Ancestors,Spirit,00:07:11,2017,New Age,256
Kevin MacLeod,Spirit of the Girl,Spirit,00:06:53,2017,New Age,256
Kevin MacLeod,Silver Flame,Spirit,00:06:35,2017,New Age,256
Kevin MacLeod,Truth in the Stones,Spirit,00:06:13,2017,New Age,256
Kevin MacLeod,Breaking Bollywood,Spring Chicken,00:03:44,2018,,320
Kevin MacLeod,City Sunshine,Spring Chicken,00:03:04,2018,,320
Kevin MacLeod,Dancing at the Inn,Spring Chicken,00:02:38,2018,,320
Kevin MacLeod,Driving Concern,Spring Chicken,00:03:20,2018,,320
Kevin MacLeod,Funky Energy Loop,Spring Chicken,00:03:22,2018,,320
Kevin MacLeod,Meditating Beat,Spring Chicken,00:02:37,2018,,320
Kevin MacLeod,The Britons,Spring Chicken,00:05:06,2018,,320
Kevin MacLeod,Witch Waltz,Spring Chicken,00:03:05,2018,,320
Kevin MacLeod,Apprehension,Supernatural Haunting,00:01:19,2014,Horror,317
Kevin MacLeod,Awkward Meeting,Supernatural Haunting,00:01:24,2014,Horror,320
Kevin MacLeod,Classic Horror 1,Supernatural Haunting,00:01:30,2014,Soundtrack,320
Kevin MacLeod,Controlled Chaos - no percussion,Supernatural Haunting,00:05:50,2014,Soundtrack,320
Kevin MacLeod,Controlled Chaos,Supernatural Haunting,00:05:52,2014,Soundtrack,320
Kevin MacLeod,Deep Noise,Supernatural Haunting,00:02:32,2014,Soundtrack,320
Kevin MacLeod,Dopplerette,Supernatural Haunting,00:00:44,2014,Soundtrack,320
Kevin MacLeod,Ghost Story,Supernatural Haunting,00:05:19,2014,Horror,320
Kevin MacLeod,Gloom Horizon,Supernatural Haunting,00:02:07,2014,Horror,320
Kevin MacLeod,Spacial Winds,Supernatural Haunting,00:02:26,2014,Horror,320
Kevin MacLeod,It is Lost,Supernatural Haunting,00:02:55,2014,Horror,320
Kevin MacLeod,Land of Phantoms,Supernatural Haunting,00:01:59,2014,Soundtrack,271
Kevin MacLeod,Land of the Dead,Supernatural Haunting,00:04:21,2014,Soundtrack,320
Kevin MacLeod,Long Note Four,Supernatural Haunting,00:10:00,2014,Soundtrack,320
Kevin MacLeod,Midnight Meeting,Supernatural Haunting,00:00:50,2014,Classical,266
Kevin MacLeod,Night of Chaos,Supernatural Haunting,00:03:30,2014,Horror,320
Kevin MacLeod,Return of Lazarus,Supernatural Haunting,00:04:30,2014,Horror,320
Kevin MacLeod,The Voices,Supernatural Haunting,00:04:15,2014,Horror,320
Kevin MacLeod,Thunder Dreams,Supernatural Haunting,00:03:50,2014,Soundtrack,320
Kevin MacLeod,Unnatural Situation,Supernatural Haunting,00:02:38,2014,Soundtrack,320
Kevin MacLeod,Unseen Horrors,Supernatural Haunting,00:04:11,2014,Horror,256
Kevin MacLeod,Zombie Hoodoo,Supernatural Haunting,00:01:26,2014,Soundtrack,320
Kevin MacLeod,Big Rock,Take the Lead,00:03:50,2014,Rock,192
Kevin MacLeod,Breakdown,Take the Lead,00:03:24,2014,Rock,320
Kevin MacLeod,Cantina Blues,Take the Lead,00:00:50,2014,Unclassifiable,320
Kevin MacLeod,Cool Rock,Take the Lead,00:03:29,2014,Rock,128
Kevin MacLeod,Dead Drop,Take the Lead,00:02:22,2014,Rock,128
Kevin MacLeod,Eighties Action,Take the Lead,00:02:50,2014,Rock,320
Kevin MacLeod,Gearhead,Take the Lead,00:02:19,2014,Rock,320
Kevin MacLeod,Guts and Bourbon,Take the Lead,00:03:28,2014,Country,256
Kevin MacLeod,Highlight Reel,Take the Lead,00:02:55,2014,Rock,300
Kevin MacLeod,Hotrock,Take the Lead,00:03:24,2014,Rock,320
Kevin MacLeod,Organic Grunge,Take the Lead,00:03:29,2014,Rock,320
Kevin MacLeod,Pilot Error,Take the Lead,00:02:35,2014,Rock,256
Kevin MacLeod,Riptide,Take the Lead,00:05:33,2014,Rock,320
Kevin MacLeod,Delay Rock,Take the Lead,00:02:58,2014,Rock,96
Kevin MacLeod,Rock Over London,Take the Lead,00:02:19,2014,Rock,320
Kevin MacLeod,Sax Rock and Roll,Take the Lead,00:03:24,2014,Rock,320
Kevin MacLeod,Take the Lead,Take the Lead,00:03:44,2014,Rock,320
Kevin MacLeod,The Whip,Take the Lead,00:03:56,2014,Soundtrack,320
Kevin MacLeod,Welcome to the Show,Take the Lead,00:04:42,2014,Rock,320
Kevin MacLeod,Backbay Lounge,Teh Jazzes,00:04:26,2017,Jazz,256
Kevin MacLeod,Bossa Antigua,Teh Jazzes,00:04:43,2017,Jazz,256
Kevin MacLeod,Apero Hour,Teh Jazzes,00:04:43,2017,Jazz,256
Kevin MacLeod,Samba Isobel,Teh Jazzes,00:04:10,2017,Jazz,256
Kevin MacLeod,Nouvelle Noel,Teh Jazzes,00:03:11,2017,Jazz,256
Kevin MacLeod,Crinoline Dreams,Teh Jazzes,00:04:06,2017,Jazz,256
Kevin MacLeod,Jazz Brunch,Teh Jazzes,00:05:23,2017,Jazz,256
Kevin MacLeod,Deuces,Teh Jazzes,00:03:10,2017,Jazz,256
Kevin MacLeod,Hard Boiled,Teh Jazzes,00:03:01,2017,Jazz,256
Kevin MacLeod,Smooth Lovin’,Teh Jazzes,00:04:19,2017,Jazz,256
Kevin MacLeod,Prelude,Tenebrous Brothers Carnival,00:03:57,2014,Experimental,320
Kevin MacLeod,Act One,Tenebrous Brothers Carnival,00:02:02,2014,Experimental,320
Kevin MacLeod,Snake Lady,Tenebrous Brothers Carnival,00:01:09,2014,Experimental,320
Kevin MacLeod,Act Two,Tenebrous Brothers Carnival,00:02:55,2014,Experimental,320
Kevin MacLeod,Intermission,Tenebrous Brothers Carnival,00:04:27,2014,Experimental,320
Kevin MacLeod,Mermaid,Tenebrous Brothers Carnival,00:07:14,2014,Electronic,320
Kevin MacLeod,Act Three,Tenebrous Brothers Carnival,00:03:21,2014,Experimental,320
Kevin MacLeod,Angevin,Thatched Villagers,00:04:40,2014,World,320
Kevin MacLeod,Baltic Levity,Thatched Villagers,00:00:48,2014,Bizarre,320
Kevin MacLeod,Bushwick Tarantella,Thatched Villagers,00:03:23,2014,World,320
Kevin MacLeod,Cattails,Thatched Villagers,00:02:39,2014,World,320
Kevin MacLeod,For Originz,Thatched Villagers,00:03:38,2014,,320
Kevin MacLeod,Living Voyage,Thatched Villagers,00:03:28,2014,World,320
Kevin MacLeod,Nu Flute,Thatched Villagers,00:01:22,2014,,320
Kevin MacLeod,Padanaya Blokov,Thatched Villagers,00:02:07,2014,,320
Kevin MacLeod,Pippin the Hunchback,Thatched Villagers,00:03:13,2014,World,320
Kevin MacLeod,Rites,Thatched Villagers,00:02:06,2014,World,320
Kevin MacLeod,Ritual,Thatched Villagers,00:04:24,2014,Soundtrack,320
Kevin MacLeod,Temple of the Manes,Thatched Villagers,00:02:35,2014,World,320
Kevin MacLeod,Thatched Villagers,Thatched Villagers,00:04:05,2014,World,320
Kevin MacLeod,The North,Thatched Villagers,00:00:20,2014,Soundtrack,320
Kevin MacLeod,Unanswered Questions,Thatched Villagers,00:02:45,2014,World,320
Kevin MacLeod,Miri's Magic Dance,Thatched Villagers,00:01:34,2014,World,320
Kevin MacLeod,Ambiment,The Ambient,00:22:52,2014,,320
Kevin MacLeod,Lightless Dawn,The Ambient,00:06:19,2014,Ambient,320
Kevin MacLeod,Peace of Mind,The Ambient,00:35:57,2014,New Age,320
Kevin MacLeod,Perspectives,The Ambient,00:11:58,2014,Ambient,320
Kevin MacLeod,Seventh Seal,The Ambient,00:00:54,2014,Ambient,320
Kevin MacLeod,Space 1990,The Ambient,00:04:26,2014,Ambient,320
Kevin MacLeod,Space 1990-B,The Ambient,00:02:58,2014,Ambient,320
Kevin MacLeod,Spacial Harvest,The Ambient,00:10:54,2014,Ambient,320
Kevin MacLeod,Ambush,The Descent,00:00:42,2014,Soundtrack,320
Kevin MacLeod,An Upsetting Theme,The Descent,00:01:03,2014,Soundtrack,292
Kevin MacLeod,Chee Zee Caves V2,The Descent,00:03:51,2014,Soundtrack,320
Kevin MacLeod,Clenched Teeth,The Descent,00:01:31,2014,Soundtrack,320
Kevin MacLeod,Constance,The Descent,00:02:20,2014,Soundtrack,320
Kevin MacLeod,Constancy Part One,The Descent,00:01:05,2014,,320
Kevin MacLeod,Constancy Part Three,The Descent,00:01:03,2014,,320
Kevin MacLeod,Constancy Part Two,The Descent,00:01:04,2014,,320
Kevin MacLeod,Creeping to Ship,The Descent,00:00:50,2014,Soundtrack,320
Kevin MacLeod,Exciting Trailer,The Descent,00:01:15,2014,Soundtrack,320
Kevin MacLeod,Failing Defense,The Descent,00:01:45,2014,Soundtrack,320
Kevin MacLeod,Five Armies,The Descent,00:02:35,2014,Soundtrack,320
Kevin MacLeod,Full On,The Descent,00:02:35,2014,Soundtrack,320
Kevin MacLeod,Hit the Streets v2,The Descent,00:03:19,2014,Soundtrack,320
Kevin MacLeod,Hit the Streets,The Descent,00:03:42,2014,Soundtrack,320
Kevin MacLeod,Impending Boom,The Descent,00:02:36,2014,Soundtrack,271
Kevin MacLeod,Intended Force,The Descent,00:01:51,2014,Soundtrack,320
Kevin MacLeod,Interloper,The Descent,00:04:22,2014,Soundtrack,320
Kevin MacLeod,Nerves,The Descent,00:02:52,2014,Soundtrack,320
Kevin MacLeod,Reign Supreme,The Descent,00:01:06,2014,Soundtrack,256
Kevin MacLeod,Showdown,The Descent,00:01:13,2014,Soundtrack,320
Kevin MacLeod,Simplex,The Descent,00:03:03,2014,Soundtrack,320
Kevin MacLeod,Space Fighter Loop,The Descent,00:01:41,2014,Soundtrack,320
Kevin MacLeod,Steel and Seething,The Descent,00:00:49,2014,,320
Kevin MacLeod,Stormfront,The Descent,00:05:34,2014,Soundtrack,320
Kevin MacLeod,The Descent,The Descent,00:03:11,2014,Soundtrack,320
Kevin MacLeod,Truth of the Legend,The Descent,00:01:33,2014,Soundtrack,320
Kevin MacLeod,Undaunted,The Descent,00:03:32,2014,Soundtrack,256
Kevin MacLeod,We Got Trouble,The Descent,00:04:41,2014,Soundtrack,320
Kevin MacLeod,Circle,Touching Moments,00:03:23,2014,New Age,259
Kevin MacLeod,Melody,Touching Moments,00:01:49,2014,New Age,260
Kevin MacLeod,Pulse,Touching Moments,00:01:42,2014,New Age,258
Kevin MacLeod,Deeper,Touching Moments,00:03:27,2014,New Age,261
Kevin MacLeod,Higher,Touching Moments,00:02:54,2014,New Age,259
Kevin MacLeod,White Lotus,Tranquility 5,00:34:31,2014,New Age,320
Kevin MacLeod,Almost in F,Tranquility 5,00:32:42,2014,Ambient,320
Kevin MacLeod,Fluidscape,Tranquility 5,00:30:21,2014,Ambient,320
Kevin MacLeod,Drone in D,Tranquility 5,00:21:22,2014,New Age,320
Kevin MacLeod,Tranquility Base,Tranquility 5,00:18:28,2014,Ambient,320
Kevin MacLeod,Lachaim,Traveller,00:03:30,2016,World,320
Kevin MacLeod,Arcane,Traveller,00:05:22,2016,World,320
Kevin MacLeod,Finding Movement,Traveller,00:01:56,2016,World,320
Kevin MacLeod,Angevin B,Traveller,00:02:09,2016,World,320
Kevin MacLeod,Moorland,Traveller,00:05:39,2016,World,320
Kevin MacLeod,Hidden Past,Traveller,00:03:12,2016,World,256
Kevin MacLeod,Indore,Traveller,00:03:45,2016,World,256
Kevin MacLeod,Errigal,Traveller,00:02:14,2016,World,320
Kevin MacLeod,Skye Cuillin,Traveller,00:03:13,2016,World,320
Kevin MacLeod,Duet Musette,Traveller,00:02:20,2016,World,320
Kevin MacLeod,Parisian,Traveller,00:00:41,2016,World,320
Kevin MacLeod,Untitled African Rhythm,Traveller,00:01:37,2016,World,301
Kevin MacLeod,Shenyang,Traveller,00:02:31,2016,Other,256
Kevin MacLeod,Ballgame,Utility,00:00:39,2008,Ballpark,192
Kevin MacLeod,Cool Intro,Utility,00:00:17,2008,Stings,320
Kevin MacLeod,Darkness Speaks,Utility,00:00:25,2008,Stings,320
Kevin MacLeod,Disco Sting,Utility,00:00:16,2008,Stings,320
Kevin MacLeod,Eyes Gone Wrong,Utility,00:00:20,2008,Stings,320
Kevin MacLeod,Flutey Sting,Utility,00:00:25,2008,Stings,320
Kevin MacLeod,Greta Sting,Utility,00:00:18,2008,Stings,320
Kevin MacLeod,Gustav Sting,Utility,00:00:18,2008,Stings,320
Kevin MacLeod,Hero Theme,Utility,00:00:18,2008,Stings,320
Kevin MacLeod,Light Sting,Utility,00:00:14,2008,Stings,320
Kevin MacLeod,MJS Stings,Utility,00:00:44,2008,Latin,256
Kevin MacLeod,Morocco Sting,Utility,00:00:14,2008,Stings,320
Kevin MacLeod,Mystery Sting,Utility,00:00:16,2008,Stings,320
Kevin MacLeod,News Theme,Utility,00:00:27,2008,Soundtrack,160
Kevin MacLeod,NewsSting,Utility,00:00:19,2008,Stings,320
Kevin MacLeod,Piano Between,Utility,00:00:25,2008,Stings,320
Kevin MacLeod,Vibe Ace,Utility,00:01:01,2008,Stings,320
Kevin MacLeod,Asian Drums,Vadodara,00:02:18,2014,Soundtrack,320
Kevin MacLeod,Balzan Groove,Vadodara,00:02:04,2014,World,320
Kevin MacLeod,Big Mojo,Vadodara,00:02:37,2014,World,320
Kevin MacLeod,Cambodian Odyssey,Vadodara,00:01:14,2014,World,320
Kevin MacLeod,Cartoon Battle,Vadodara,00:01:41,2014,Unclassifiable,320
Kevin MacLeod,Chanter,Vadodara,00:01:26,2014,World,320
Kevin MacLeod,Desert City,Vadodara,00:01:29,2014,World,320
Kevin MacLeod,Dhaka,Vadodara,00:04:08,2014,World,320
Kevin MacLeod,East of Tunesia,Vadodara,00:01:42,2014,World,320
Kevin MacLeod,Eastern Thought,Vadodara,00:04:21,2014,World,320
Kevin MacLeod,Eastminster,Vadodara,00:06:45,2014,,320
Kevin MacLeod,Finding Movement,Vadodara,00:01:56,2014,World,320
Kevin MacLeod,Greko (Sketch),Vadodara,00:03:34,2014,Soundtrack,320
Kevin MacLeod,Himalayan Atmosphere,Vadodara,00:03:49,2014,World,320
Kevin MacLeod,Ibn Al-Noor,Vadodara,00:03:38,2014,World,320
Kevin MacLeod,Ishikari Lore,Vadodara,00:02:44,2014,World,320
Kevin MacLeod,Jalandhar,Vadodara,00:04:08,2014,World,256
Kevin MacLeod,Vadodara,Vadodara,00:03:42,2014,World,256
Kevin MacLeod,Old Road,Vadodara,00:01:53,2014,World,320
Kevin MacLeod,Opium,Vadodara,00:06:09,2014,World,320
Kevin MacLeod,Ripples,Vadodara,00:03:25,2014,World,320
Kevin MacLeod,Senbazuru,Vadodara,00:01:34,2014,World,320
Kevin MacLeod,Tabuk,Vadodara,00:02:38,2014,World,320
Kevin MacLeod,Pyro Flow,Vicious,00:03:54,2016,Unclassifiable,256
Kevin MacLeod,Vicious,Vicious,00:03:45,2016,Urban,256
Kevin MacLeod,Lewis and DeKalb,Vicious,00:03:16,2016,Urban,256
Kevin MacLeod,Chillin Hard,Vicious,00:03:54,2016,Urban,256
Kevin MacLeod,Basic Implosion,Vicious,00:03:09,2016,Hip Hop/Rap,256
Kevin MacLeod,8bit Dungeon Boss,video Classica,00:02:52,2014,Video Game,320
Kevin MacLeod,8bit Dungeon Level,video Classica,00:03:37,2014,Video Game,320
Kevin MacLeod,Ambler,video Classica,00:00:46,2014,Video Game,320
Kevin MacLeod,Chee Zee Caves,video Classica,00:03:51,2014,Video Game,320
Kevin MacLeod,Crusade,video Classica,00:03:18,2014,Video Game,320
Kevin MacLeod,Jaunty Gumption,video Classica,00:01:58,2014,Video Game,320
Kevin MacLeod,Mellowtron,video Classica,00:00:53,2014,Video Game,320
Kevin MacLeod,Move Forward,video Classica,00:01:09,2014,Video Game,320
Kevin MacLeod,Oppressive Gloom,video Classica,00:03:19,2014,Video Game,320
Kevin MacLeod,Video Dungeon Boss,video Classica,00:02:14,2014,Video Game,320
Kevin MacLeod,Video Dungeon Crawl,video Classica,00:03:33,2014,Video Game,320
Kevin MacLeod,Drums of the Deep,Virtutes Instrumenti,00:02:54,2014,Soundtrack,256
Kevin MacLeod,Ignosi,Virtutes Instrumenti,00:03:04,2014,Soundtrack,320
Kevin MacLeod,Lord of the Land,Virtutes Instrumenti,00:03:06,2014,Soundtrack,256
Kevin MacLeod,Minstrel Guild,Virtutes Instrumenti,00:03:05,2014,Classical,320
Kevin MacLeod,Peaceful Desolation,Virtutes Instrumenti,00:01:31,2014,,320
Kevin MacLeod,Procession of the King,Virtutes Instrumenti,00:03:04,2014,,320
Kevin MacLeod,Second Coming,Virtutes Instrumenti,00:02:11,2014,Experimental,320
Kevin MacLeod,Sonata 17,Virtutes Instrumenti,00:02:31,2014,Classical,192
Kevin MacLeod,Suonatore di Liuto,Virtutes Instrumenti,00:02:24,2014,Soundtrack,256
Kevin MacLeod,Teller of the Tales,Virtutes Instrumenti,00:03:32,2014,Soundtrack,256
Kevin MacLeod,The Pyre,Virtutes Instrumenti,00:03:53,2014,Soundtrack,320
Kevin MacLeod,The Rule,Virtutes Instrumenti,00:00:56,2014,Classical,320
Kevin MacLeod,Virtutes Instrumenti,Virtutes Instrumenti,00:04:22,2014,Classical,320
Kevin MacLeod,Virtutes Vocis,Virtutes Instrumenti,00:04:19,2014,Classical,320
Kevin MacLeod,With Regards,Virtutes Instrumenti,00:02:57,2014,Soundtrack,320
Kevin MacLeod,Arcadia,Wonders,00:01:37,2014,Soundtrack,320
Kevin MacLeod,Cherry Blossom,Wonders,00:02:09,2014,Soundtrack,320
Kevin MacLeod,Colossus,Wonders,00:04:30,2014,Soundtrack,320
Kevin MacLeod,Consequence,Wonders,00:05:02,2014,Soundtrack,291
Kevin MacLeod,Dragon and Toast,Wonders,00:05:52,2014,Soundtrack,320
Kevin MacLeod,Dreamlike,Wonders,00:01:38,2014,Soundtrack,320
Kevin MacLeod,Dreamy Flashback,Wonders,00:02:06,2014,Soundtrack,320
Kevin MacLeod,Earth Prelude,Wonders,00:03:49,2014,Classical,160
Kevin MacLeod,Enchanted Valley,Wonders,00:03:10,2014,Soundtrack,320
Kevin MacLeod,Exotic Battle,Wonders,00:02:48,2014,Soundtrack,320
Kevin MacLeod,Fanfare for Space,Wonders,00:01:01,2014,Classical,320
Kevin MacLeod,Wizardtorium,Wonders,00:03:27,2014,Classical,256
Kevin MacLeod,Frost Waltz,Wonders,00:02:15,2014,Soundtrack,320
Kevin MacLeod,Frozen Star,Wonders,00:03:41,2014,Soundtrack,320
Kevin MacLeod,Lasting Hope,Wonders,00:02:23,2014,Soundtrack,320
Kevin MacLeod,Lithium,Wonders,00:02:36,2014,Soundtrack,320
Kevin MacLeod,Melodie Victoria,Wonders,00:04:00,2014,Performing Arts,320
Kevin MacLeod,Moonlight Hall,Wonders,00:03:18,2014,Soundtrack,320
Kevin MacLeod,Ominous Intro,Wonders,00:02:20,2014,Soundtrack,320
Kevin MacLeod,Robo-Western,Wonders,00:01:01,2014,Soundtrack,320
Kevin MacLeod,Stoneworld Battle,Wonders,00:03:53,2014,Soundtrack,320
Kevin MacLeod,Water Prelude,Wonders,00:05:24,2014,,160
Kevin MacLeod,The Path of the Goblin King,Wonders,00:03:26,2014,Classical,320
Kevin MacLeod,The Snow Queen,Wonders,00:03:40,2014,Soundtrack,320
